rank,contributorContentUsername,contributorContentFullname,category,followers,viewsAvg,likesAvg,commentsAvg,category_2
1,mrbeast,MrBeast,Video games,366M,128.4M,4.5M,6.4K,All Categories
2,stokestwins,Stokes Twins,Video games,115.1M,26.6M,295.6K,3.1K,All Categories
3,pewdiepie,PewDiePie,,110.6M,2.4M,159.9K,6.5K,All Categories
4,wwe,WWE,Movies,107.5M,218.5K,10.4K,293,All Categories
5,blackpink,BLACKPINK,Music & Dance,96.1M,2M,272.2K,23.5K,All Categories
6,hybelabels,HYBE LABELS,Music & Dance,76.7M,120.5K,9.7K,392,All Categories
7,markrober,Mark Rober,,64.6M,17.5M,969.6K,1.8K,All Categories
8,movieclips,Movieclips,Movies,63.6M,25.9K,283,14,All Categories
9,dudeperfect,Dude Perfect,Movies,60.9M,2.4M,94.9K,2.9K,All Categories
10,topperguild,Topper Guild,Movies,58.7M,6M,103K,420,All Categories
11,marshmello,Marshmello,Music & Dance,57.7M,176.1K,13.8K,695,All Categories
12,edsheeran,Ed Sheeran,Music & Dance,55.9M,493.4K,45.5K,381,All Categories
13,billieeilish,Billie Eilish,Music & Dance,54.9M,1M,63.5K,3.7K,All Categories
14,zhong,Zhong,Movies,52.6M,4.5M,84.4K,978,All Categories
15,torung,ToRung,,50.3M,5.3M,107.2K,98,All Categories
16,mrbeast2,MrBeast 2,Movies,49.4M,6.7M,326.1K,4K,All Categories
17,shakira,Shakira,Music & Dance,47.8M,141.7K,11.7K,607,All Categories
18,alanwalkermusic,Alan Walker,Music & Dance,46.6M,80K,2.6K,232,All Categories
19,brightsideofficial,BRIGHT SIDE,Animation,44.8M,20.9K,255,15,All Categories
20,celinedept,Celine Dept,Sports,44M,5M,188.2K,608,All Categories
21,zachking,Zach King,Movies,42.1M,489.8K,31.3K,156,All Categories
22,jasonderulo,Jason Derulo,Music & Dance,41.1M,25.7K,835,9,All Categories
23,lankybox,LankyBox,Animation,40.7M,243.1K,2.8K,404,All Categories
24,leonatafamily,LeoNata Family,Music & Dance,40.5M,513.3K,8K,13,All Categories
25,dednahype,dednahype,Music & Dance,38.9M,403.6K,7K,9,All Categories
26,youtube,YouTube,Animation,38.4M,2.8M,29.3K,1.7K,All Categories
27,theellenshow,TheEllenShow,Movies,38.3M,7K,125,10,All Categories
28,brentrivera,Brent Rivera,Animation,37.5M,913.7K,33.7K,172,All Categories
29,ozuna,Ozuna,Music & Dance,37.4M,14.2K,1.4K,53,All Categories
30,theweeknd,The Weeknd,Music & Dance,37.3M,1.4M,48.4K,1.9K,All Categories
31,markiplier,Markiplier,Movies,37.3M,1.8M,100.6K,3.4K,All Categories
32,disneymusicvevo,DisneyMusicVEVO,Music & Dance,36.7M,7.2K,244,11,All Categories
33,lucasandmarcus,Lucas and Marcus,Animation,36.7M,501.7K,12.3K,325,All Categories
34,nichlmao,NichLmao,Movies,36.5M,516.2K,15.6K,301,All Categories
35,ishowspeed,IShowSpeed,Humor,36.3M,3M,92.4K,3.1K,All Categories
36,sagawa,Sagawa /„Åï„Åå„Çè,Music & Dance,35.9M,318.9K,8K,55,All Categories
37,thatlittlepuff,That Little Puff,Animation,35.9M,229.8K,2.2K,78,All Categories
38,mrdegreeofficial,Mr DegrEE,Music & Dance,35.7M,1M,25.1K,44,All Categories
39,selenagomez,Selena Gomez,Music & Dance,35M,1.6M,92.5K,4.6K,All Categories
40,sssniperwolf,SSSniperWolf,Movies,35M,832.7K,17.4K,2K,All Categories
41,daniellabelle,Daniel LaBelle,Animation,34.6M,795.6K,37.3K,607,All Categories
42,nocopyrightsounds,NoCopyrightSounds,Music & Dance,34M,96.5K,3.8K,414,All Categories
43,smtown,SMTOWN,Music & Dance,33M,115.5K,11.3K,415,All Categories
44,imaginedragons,ImagineDragons,Music & Dance,32.5M,29.3K,2.1K,67,All Categories
45,talkingtom,Talking Tom,Animation,32.4M,110.8K,902,0,All Categories
46,fallontonight,The Tonight Show Starring Jimmy Fallon,Movies,32.4M,128.3K,2.7K,163,All Categories
47,luisfonsi,Luis Fonsi,,32.2M,7.5K,902,37,All Categories
48,bigschoolminecraft,BigSchool,Animation,32M,52.3K,2.4K,6,All Categories
49,dream,Dream,Animation,32M,859.4K,62.5K,4.8K,All Categories
50,zachchoi,Zach Choi ASMR,ASMR,31.8M,94.9K,1.7K,89,All Categories
1,wwe,WWE,Movies,107.5M,218.5K,10.4K,293,Animation
2,movieclips,Movieclips,Movies,63.6M,25.9K,283,14,Animation
3,brightsideofficial,BRIGHT SIDE,Animation,44.8M,20.9K,255,15,Animation
4,zachking,Zach King,Movies,42.1M,489.8K,31.3K,156,Animation
5,lankybox,LankyBox,Animation,40.7M,243.1K,2.8K,404,Animation
6,youtube,YouTube,Animation,38.4M,2.8M,29.3K,1.7K,Animation
7,brentrivera,Brent Rivera,Animation,37.5M,913.7K,33.7K,172,Animation
8,lucasandmarcus,Lucas and Marcus,Animation,36.7M,501.7K,12.3K,325,Animation
9,nichlmao,NichLmao,Movies,36.5M,516.2K,15.6K,301,Animation
10,thatlittlepuff,That Little Puff,Animation,35.9M,229.8K,2.2K,78,Animation
11,daniellabelle,Daniel LaBelle,Animation,34.6M,795.6K,37.3K,607,Animation
12,talkingtom,Talking Tom,Animation,32.4M,110.8K,902,0,Animation
13,bigschoolminecraft,BigSchool,Animation,32M,52.3K,2.4K,6,Animation
14,dream,Dream,Animation,32M,859.4K,62.5K,4.8K,Animation
15,jacksepticeye,jacksepticeye,Movies,31M,1.8M,140.2K,5.2K,Animation
16,netflix,Netflix,Movies,30M,73.5K,1.7K,137,Animation
17,alanbecker,Alan Becker,Animation,30M,819.6K,94.9K,1.4K,Animation
18,sierrarhiafam,Sierra & Rhia FAM,Animation,29.8M,1.6M,25.6K,0,Animation
19,prestonyt,Preston,Animation,29.8M,768.3K,20.9K,230,Animation
20,viralhog,ViralHog,Animation,29.8M,10.6K,428,5,Animation
21,dantdm,DanTDM,Animation,29.2M,712.6K,44.3K,3.3K,Animation
22,saito09,Saito,Animation,29.2M,343.6K,8.5K,17,Animation
23,danrhodes,Dan Rhodes,Animation,27M,7.9K,323,57,Animation
24,vanossgaming,VanossGaming,Animation,25.9M,800.3K,35.6K,851,Animation
25,jakefellman,Jake Fellman,Movies,25.7M,45K,2K,17,Animation
26,watchmojo,WatchMojo.com,Movies,25.7M,33.8K,1K,134,Animation
27,ssundee,SSundee,Animation,24.7M,994.4K,27.8K,1.5K,Animation
28,fgteev,FGTeeV,Animation,24.3M,358.6K,8.2K,2.2K,Animation
29,natgeo,National Geographic,Movies,24.3M,10.6K,325,16,Animation
30,infinite,Infinite,Animation,24.3M,683.3K,33.1K,1.8K,Animation
31,gh.s,GH'S,Movies,24.2M,1.8M,81.9K,874,Animation
32,sia,Sia,Music & Dance,24M,73K,5.7K,460,Animation
33,loganpaulvlogs,Logan Paul,Animation,23.7M,884.2K,41.2K,595,Animation
34,jelly,Jelly,Animation,23.5M,102.4K,3.7K,228,Animation
35,aphmau,Aphmau,Movies,23.1M,1.2M,25.1K,3.3K,Animation
36,linhnhishorts,Linh Nhi Shorts,Animation,23.1M,116.5K,2.4K,1,Animation
37,lazarbeam,LazarBeam,Animation,22.9M,563.9K,42K,349,Animation
38,peetmontzingo,Peet Montzingo,Movies,22.3M,285.5K,0,329,Animation
39,brawlstars,Brawl Stars,Movies,21.9M,10.8M,281K,18.5K,Animation
40,coryxkenshin,CoryxKenshin,Movies,21.3M,12.4M,662.2K,63K,Animation
41,cookieswirlc,CookieSwirlC,Movies,21.3M,109.6K,2K,463,Animation
42,clashofclans,Clash of Clans,Movies,21.3M,58K,5.8K,215,Animation
43,marvel,Marvel Entertainment,Movies,21.3M,69.3K,4.6K,208,Animation
44,mrwhosetheboss,Mrwhosetheboss,Animation,20.7M,3M,114.5K,4.4K,Animation
45,theodd1sout,TheOdd1sOut,Movies,20.5M,3.4M,342.7K,2.2K,Animation
46,morealia,MoreAliA,Animation,20.1M,297.4K,2.9K,278,Animation
47,pencilmation,Pencilmation,Movies,20.1M,44.6K,405,36,Animation
48,adamw,Adam W,Animation,19.9M,3.8M,134.3K,464,Animation
49,dailydoseofinternet,Daily Dose Of Internet,Animation,19.9M,2.2M,129.6K,1.7K,Animation
50,twinsfromrussiarevega,ÏõÉÏõÉTwinsFromRussia,Animation,19.8M,21.4K,455,4,Animation
1,jamescharles,James Charles,Beauty,24.1M,1.2M,51.4K,1.4K,Beauty
2,nikkietutorials,NikkieTutorials,Beauty,14.6M,990.3K,57.7K,264,Beauty
3,sydneymorgan,Sydney Morgan,Beauty,9.3M,346K,24.7K,436,Beauty
4,jarrettstod,Jarrett Stod,Beauty,8.8M,133K,3.9K,136,Beauty
5,emmycombss,Emmy Combs,Beauty,8.2M,428.9K,23.1K,315,Beauty
6,nataliesoutlet,Natalies Outlet,Beauty,8.2M,4.1K,335,6,Beauty
7,tati,Tati,Beauty,8.1M,110.7K,6.7K,400,Beauty
8,anacrylics,Anacrylics,Beauty,6.4M,18.5K,2.6K,41,Beauty
9,atarahmayhew,Atarah Mayhew,Beauty,6.3M,216.2K,13.4K,477,Beauty
10,shabandkassie,Shab & Kassie,Beauty,5.9M,49.7K,2.7K,53,Beauty
11,jaclynhill1,Jaclyn Hill,Beauty,5.5M,80.8K,4.2K,385,Beauty
12,kat_longoria,Kat Longoria,Beauty,5M,35.5K,1.9K,21,Beauty
13,mannymua733,Manny Mua,Beauty,4.8M,81.5K,4.6K,193,Beauty
14,christendominique,Christen Dominique,Beauty,4.8M,36.8K,1.9K,77,Beauty
15,hyram,Hyram,Beauty,4.5M,22.2K,1.3K,106,Beauty
16,hudabeauty,Huda Beauty,Beauty,4.2M,10.1K,730,19,Beauty
17,kathleenlights,KathleenLights,Beauty,4.1M,65K,4K,320,Beauty
18,ilysmnails,ilysm Nails,Beauty,4M,7.3K,234,4,Beauty
19,waynegoss,Wayne Goss,Beauty,4M,18.1K,1.8K,175,Beauty
20,missdarcei,MissDarcei,Beauty,3.7M,332.5K,33.1K,558,Beauty
21,alexandrasgirlytalk,AlexandrasGirlyTalk,Beauty,3.7M,8.8K,0,87,Beauty
22,smithadepak,Smitha Deepak,Beauty,3.7M,38K,2.4K,143,Beauty
23,cutepolish,cutepolish,Beauty,3.4M,3.8K,230,4,Beauty
24,doctorly,Doctorly,Beauty,3.3M,29.8K,1.3K,170,Beauty
25,shaaanxo,Shaaanxo,Beauty,3M,9.2K,605,30,Beauty
26,nailcareereducation,Nail Career Education,Beauty,2.8M,15K,1.2K,28,Beauty
27,simplynotlogical,Simply Not Logical,Beauty,2.8M,34K,2.8K,40,Beauty
28,madisonchrostek,Lisa Chrostek,Beauty,2.8M,30.8K,2.8K,77,Beauty
29,anknook,An Knook,Beauty,2.8M,5.7K,447,15,Beauty
30,beautywithin,Beauty Within,Beauty,2.7M,49K,1.6K,84,Beauty
31,chloemorello,Chloe Morello,Beauty,2.6M,9.9K,260,28,Beauty
32,risabae,Risabae,Beauty,2.5M,194.6K,30.3K,357,Beauty
33,sylviagani,Sylvia Gani,Beauty,2.5M,8.9K,975,9,Beauty
34,haileyrhodebieber,Hailey Rhode Bieber,Beauty,2.5M,109.5K,5.3K,250,Beauty
35,drdrayzday,Dr Dray,Beauty,2.5M,22.3K,1.5K,75,Beauty
36,jooshica6178,Jooshica,Beauty,2.4M,44.8K,4.7K,59,Beauty
37,jasmeannnn,Jasmine Brown,Beauty,2.3M,7.1K,508,28,Beauty
38,lisaeldridge,Lisa Eldridge,Beauty,2.1M,18K,1.3K,47,Beauty
39,slikhaartv,Slikhaar TV - Mens hair,Beauty,2.1M,4.7K,135,5,Beauty
40,jessyluxe,Jessica Vu,Beauty,2.1M,145K,10.7K,112,Beauty
41,nicola.chapman,Nicola Chapman,Beauty,2M,30.4K,1.2K,50,Beauty
42,allure,Allure,Beauty,2M,4.9K,382,8,Beauty
43,alissaashley,Alissa Ashley,Beauty,2M,24.4K,2.5K,60,Beauty
44,leahhalton,Leah Halton,Beauty,2M,58.5K,4.1K,184,Beauty
45,itsmyrayeraye,ItsMyRayeRaye,Beauty,1.9M,11.7K,892,26,Beauty
46,khichibeauty,Khichi Beauty,Beauty,1.9M,1.3K,54,5,Beauty
47,sophiaslimemixing,Sophia Slime Mixing,ASMR,1.8M,5.4K,0,4,Beauty
48,hindash,Hindash,Beauty,1.7M,58.4K,3.7K,156,Beauty
49,longhairprettynails,LongHairPrettyNails,Beauty,1.7M,27.2K,2.6K,74,Beauty
50,sarahnewsfx,Sarah New Sfx,Beauty,1.7M,23.3K,2.3K,21,Beauty
1,joerogan,PowerfulJRE,Daily vlogs,19.4M,1.2M,22.4K,5K,Daily vlogs
2,nasdaily,Nas Daily,Daily vlogs,14M,211.8K,12.7K,233,Daily vlogs
3,underwatertorishorts,Underwater Tori Shorts,Daily vlogs,11M,1.1M,12.7K,9,Daily vlogs
4,tieubaobaothom,Th∆° Nguy·ªÖn,Daily vlogs,10.6M,9K,145,3,Daily vlogs
5,hungryfam,Hungry FAM,Daily vlogs,9.7M,41.7K,1K,5,Daily vlogs
6,charlidamelio,charli d'amelio,Daily vlogs,9.1M,4.7K,608,11,Daily vlogs
7,jreclips,JRE Clips,Daily vlogs,8M,439.5K,10K,1.3K,Daily vlogs
8,haleyybaylee,Haley Kalil,Daily vlogs,7.3M,655.5K,70.8K,280,Daily vlogs
9,kris8an,Kris8an,Daily vlogs,7.2M,540K,34K,1.2K,Daily vlogs
10,unpardeales,Un Par de Ales,Daily vlogs,6.7M,37.7K,1.2K,6,Daily vlogs
11,thecanfamily,The CAN Family,Daily vlogs,6.7M,483.6K,24.2K,189,Daily vlogs
12,petermckinnon,Peter McKinnon,Daily vlogs,6M,145.2K,7.2K,450,Daily vlogs
13,cutegirlshairstyles,Mindy McKnight,Daily vlogs,5.7M,20.2K,617,6,Daily vlogs
14,thefluellenfam,The Fluellen Fam,Daily vlogs,5.7M,1.9M,94.2K,793,Daily vlogs
15,andy.and.michelle,Andy and Michelle,Daily vlogs,5.1M,741.8K,72.5K,327,Daily vlogs
16,dailybumps,Daily Bumps,Daily vlogs,5.1M,18.8K,1.5K,49,Daily vlogs
17,hannahandregal,Hannah & Regal,Daily vlogs,5M,76.5K,7.5K,134,Daily vlogs
18,connorfranta,ConnorFranta,Daily vlogs,4.8M,35.4K,2.6K,351,Daily vlogs
19,thechurcofamily,The Churco Family,Daily vlogs,4.5M,1M,77.1K,534,Daily vlogs
20,notenoughnelsons,Not Enough Nelsons,Daily vlogs,4.5M,641.7K,29.6K,477,Daily vlogs
21,aurikatariina,Aurikatariina,Daily vlogs,4.4M,267.2K,15K,674,Daily vlogs
22,claradao,Clara Dao,Daily vlogs,4.3M,634.4K,62.5K,1.3K,Daily vlogs
23,mad_lab,MAD LAB,Daily vlogs,4.2M,20.2K,535,15,Daily vlogs
24,janeinsane_,Jane Williamson,Daily vlogs,4.1M,1.3M,90.6K,502,Daily vlogs
25,rebeccazamoloshorts,Rebecca Zamolo Shorts,Daily vlogs,4M,604.6K,7.9K,705,Daily vlogs
26,vlogbrothers,vlogbrothers,Daily vlogs,3.9M,188.1K,17.2K,1.8K,Daily vlogs
27,atsunamatsui,Atsuna Matsui,Daily vlogs,3.9M,69.1K,2K,10,Daily vlogs
28,katiefeeney,Katie Feeney,Daily vlogs,3.8M,73.5K,6.7K,47,Daily vlogs
29,sushimonstersshorts,Sushi Monsters,Daily vlogs,3.8M,981.5K,50.4K,794,Daily vlogs
30,thescottfamilyy,The Scott Family,Daily vlogs,3.7M,717.9K,65.6K,449,Daily vlogs
31,nicolelaeno,Nicole Laeno,Daily vlogs,3.7M,74.2K,7.2K,62,Daily vlogs
32,nhutella,Nhutella,Daily vlogs,3.7M,111.4K,4.9K,53,Daily vlogs
33,woodworkingart,Woodworking Art,Daily vlogs,3.7M,16.6K,480,38,Daily vlogs
34,hiddenfiless,Hidden Files,Daily vlogs,3.6M,5.3K,353,9,Daily vlogs
35,katlinsias,Katlin Sias,Daily vlogs,3.6M,4.3K,145,6,Daily vlogs
36,emirichu,Emirichu,Daily vlogs,3.5M,466.4K,38.5K,2.1K,Daily vlogs
37,madeleine_white,Maddie White,Daily vlogs,3.5M,1.3M,131.3K,684,Daily vlogs
38,itsmaddiejoy,Maddie Joy,Daily vlogs,3.4M,10.6K,326,2,Daily vlogs
39,afrimaxenglish,Afrimax English,Daily vlogs,3.4M,34.2K,588,112,Daily vlogs
40,solarsido,ÏÜîÎùºÏãúÎèÑ solarsido,Daily vlogs,3.3M,16.7K,1.1K,28,Daily vlogs
41,stevenfurtick,Steven Furtick,Daily vlogs,3.2M,20.8K,4.4K,121,Daily vlogs
42,alishamarievlogs,AlishaMarieVlogs,Daily vlogs,3M,126.9K,4.5K,62,Daily vlogs
43,sarahandderik,The Beeston Fam,Daily vlogs,3M,84.8K,5.4K,82,Daily vlogs
44,henrybelcaster,Henry Belcaster,Daily vlogs,3M,2.1M,152.7K,1.1K,Daily vlogs
45,jhyun_u,Jihyunkkung,Food & Drinks,3M,161.8K,4.7K,347,Daily vlogs
46,jcandsondra6639,JC and Sondra,Daily vlogs,2.9M,412K,20K,214,Daily vlogs
47,flair.,FLAIR,Daily vlogs,2.9M,333K,10.1K,831,Daily vlogs
48,johnnyq,Johnny Q,Daily vlogs,2.9M,28.2K,2.4K,73,Daily vlogs
49,snoopslimes,Snoopslimes,Daily vlogs,2.8M,163.7K,9.3K,151,Daily vlogs
50,yahweh_children_ministries,Yahweh Children Ministries,Daily vlogs,2.7M,5.6K,0,19,Daily vlogs
1,dentaldigest,Dental Digest,Food & Drinks,20.6M,846.9K,29.2K,285,DIY & Life Hacks
2,itsdrryan,Dr Ryan,DIY & Life Hacks,19.5M,199.9K,7.4K,220,DIY & Life Hacks
3,juliagisella,JULIA GISELLA,Design/art,17.4M,3.4M,138.7K,641,DIY & Life Hacks
4,auteamchannel,AU,DIY & Life Hacks,14M,325.9K,8.2K,165,DIY & Life Hacks
5,thekingofrandom,TKOR,DIY & Life Hacks,12.6M,14.3K,694,18,DIY & Life Hacks
6,peachybbies,Peachybbies,DIY & Life Hacks,9.7M,239.4K,9.9K,228,DIY & Life Hacks
7,nilered,NileRed,DIY & Life Hacks,8.4M,4.2M,333.3K,3.2K,DIY & Life Hacks
8,tinycakesofficial,Tiny Cakes,Food & Drinks,6.3M,5.9K,79,30,DIY & Life Hacks
9,shabandkassie,Shab & Kassie,Beauty,5.9M,49.7K,2.7K,53,DIY & Life Hacks
10,trendytreats,Trendy Treats,Food & Drinks,5.9M,370.3K,11.1K,38,DIY & Life Hacks
11,brianbarczyk,Brian Barczyk,DIY & Life Hacks,5.7M,65.3K,6.2K,279,DIY & Life Hacks
12,ididathing,I did a thing,DIY & Life Hacks,5.4M,1.6M,112.8K,3.9K,DIY & Life Hacks
13,alicecardboardworld,Cardboard World,DIY & Life Hacks,5.2M,9.7K,80,2,DIY & Life Hacks
14,cooking_tree,Cooking tree Ïø†ÌÇπÌä∏Î¶¨,Food & Drinks,5.1M,25.9K,1.2K,23,DIY & Life Hacks
15,whatsupmoms,WhatsUpMoms,DIY & Life Hacks,4.5M,1.6M,53.2K,198,DIY & Life Hacks
16,hidamaricooking,HidaMari Cooking,Food & Drinks,4.4M,31K,1.4K,36,DIY & Life Hacks
17,catchemallfishingzakcatchem,CATCH EM ALL FISHING,DIY & Life Hacks,4.3M,22.1K,1.1K,121,DIY & Life Hacks
18,daveyrz,Davey RZ,DIY & Life Hacks,4.1M,16K,880,23,DIY & Life Hacks
19,hasanmucci,Hasanmucci,DIY & Life Hacks,4.1M,52.4K,3K,36,DIY & Life Hacks
20,homerenovisiondiy,Home RenoVision DIY,Design/art,3.5M,24.7K,1K,68,DIY & Life Hacks
21,iliketomakestuff,I Like To Make Stuff,DIY & Life Hacks,3.4M,125.3K,6.3K,238,DIY & Life Hacks
22,thedrplants,Dr. Plants,DIY & Life Hacks,3.3M,7.2M,124.6K,5.5K,DIY & Life Hacks
23,chillinwithrachel,Chillin' with Rachel üíõ,DIY & Life Hacks,3.2M,573.8K,12.6K,195,DIY & Life Hacks
24,myfroggystuff,MyFroggyStuff,DIY & Life Hacks,3.2M,56.8K,2.9K,96,DIY & Life Hacks
25,natural_beauty_,natural beauty secrets,Food & Drinks,3.1M,3.3K,149,34,DIY & Life Hacks
26,consejosparatucasaymas,Consejos Para Tu Casa y M√°s,DIY & Life Hacks,3M,5.9K,216,3,DIY & Life Hacks
27,dylanayres,Dylan Ayres,DIY & Life Hacks,3M,1.5M,70.8K,150,DIY & Life Hacks
28,simonegiertz,Simone Giertz,DIY & Life Hacks,2.8M,274.5K,17.7K,688,DIY & Life Hacks
29,thedealguy,The Deal Guy,DIY & Life Hacks,2.8M,741.5K,41.7K,606,DIY & Life Hacks
30,snoopslimes,Snoopslimes,Daily vlogs,2.8M,150.9K,9.3K,131,DIY & Life Hacks
31,nileblue,NileBlue,Science & Technology,2.7M,1.3M,96.9K,1.8K,DIY & Life Hacks
32,elliev,ellieV,DIY & Life Hacks,2.7M,27.6K,496,54,DIY & Life Hacks
33,allthingsnim,Nim C,DIY & Life Hacks,2.6M,1.9K,106,14,DIY & Life Hacks
34,rachelballinger,Rachel Ballinger,DIY & Life Hacks,2.6M,16.3K,1.1K,82,DIY & Life Hacks
35,przepisy_od_olgi,Przepisy od Olgi,DIY & Life Hacks,2.6M,66.6K,1.2K,60,DIY & Life Hacks
36,wranglerstar,Wranglerstar,DIY & Life Hacks,2.6M,45K,2.2K,142,DIY & Life Hacks
37,marianazd,MARIANA ZD,DIY & Life Hacks,2.5M,5K,134,1,DIY & Life Hacks
38,chadzuberadventures,Chad Zuber,DIY & Life Hacks,2.4M,58.9K,2.6K,260,DIY & Life Hacks
39,doitonadime,Do It On A Dime,DIY & Life Hacks,2.4M,90.2K,7.5K,219,DIY & Life Hacks
40,kaelimaee,kaeli mae,DIY & Life Hacks,2.4M,55.3K,8.6K,52,DIY & Life Hacks
41,minoricuteclub,Minori,DIY & Life Hacks,2.4M,21.2K,2K,190,DIY & Life Hacks
42,yoduvhessentials6310,Yoduvh Essentials,DIY & Life Hacks,2.3M,3.5K,487,27,DIY & Life Hacks
43,princessthi,Princess T,DIY & Life Hacks,2.3M,1.5K,77,3,DIY & Life Hacks
44,nighthawkinlight,NightHawkInLight,Science & Technology,2.3M,212.6K,12K,1.1K,DIY & Life Hacks
45,juliusjsh,JSH diy,DIY & Life Hacks,2.3M,1.3K,32,14,DIY & Life Hacks
46,coolirpa,coolirpa,DIY & Life Hacks,2.3M,121.2K,13.6K,66,DIY & Life Hacks
47,704tactical,704 TACTICAL,DIY & Life Hacks,2.2M,5.9K,405,39,DIY & Life Hacks
48,talisatossell,Talisa Tossell,DIY & Life Hacks,2.2M,3.8K,259,8,DIY & Life Hacks
49,rivermonsters,River Monsters‚Ñ¢,Mystery,2.2M,63.2K,1.1K,60,DIY & Life Hacks
50,itsarah,It‚ÄôSarah üíú,DIY & Life Hacks,2.2M,217.9K,5.8K,243,DIY & Life Hacks
1,zachchoi,Zach Choi ASMR,ASMR,31.8M,94.9K,1.7K,89,ASMR
2,bayashitv_,Bayashi TV,ASMR,31.8M,2.2M,185.9K,1.5K,ASMR
3,hongyuasmr,Hongyu ASMR ÌôçÏú†,ASMR,16.5M,309.1K,2.4K,75,ASMR
4,sulgiyang,ÏÑ§Í∏∞ÏñëSULGI,ASMR,15.2M,477.6K,7.8K,430,ASMR
5,gongsam_table203,GONGSAM TABLE Ïù¥Í≥µÏÇº,ASMR,13.8M,824.9K,13.9K,335,ASMR
6,yogawithadriene,Yoga With Adriene,Fitness,13.2M,103.2K,3.4K,195,ASMR
7,ssoyoung,ÏèòÏòÅ Ssoyoung,ASMR,11.6M,15.1K,1.1K,16,ASMR
8,asmrsio,SIO ASMR,ASMR,10.4M,649.6K,5.2K,297,ASMR
9,hunnibeeasmr,HunniBee ASMR,ASMR,9.4M,289.5K,5.5K,359,ASMR
10,sasasmr,SAS-ASMR,ASMR,9.4M,51.5K,1.8K,83,ASMR
11,kimlizasmr,Kim&Liz ASMR,ASMR,7.8M,84.3K,3.4K,46,ASMR
12,mcbangasmr,McBang ASMR,ASMR,5.5M,301.9K,10.4K,54,ASMR
13,user-pq8xn3oq9y,ddeong-gae,ASMR,5.2M,97.7K,2.2K,109,ASMR
14,gibiasmr,Gibi ASMR,ASMR,5.1M,87.5K,8.6K,92,ASMR
15,oupaart305,Oupa Art,Design/art,5M,3.7K,92,3,ASMR
16,bonggil,Î¥âÍ∏∏Ïù¥ Bonggil,ASMR,5M,271.9K,7.8K,356,ASMR
17,enzo_prina,Space Age Snacks,ASMR,4.8M,76K,3.1K,107,ASMR
18,chocolate_cacao,Chocolate Cacao „ÉÅ„Éß„Ç≥„É¨„Éº„Éà„Ç´„Ç´„Ç™,ASMR,4.7M,33.6K,2.9K,22,ASMR
19,dreadyamada,Dread Yamada,ASMR,4.4M,68.5K,5.5K,26,ASMR
20,onemealaday767,ÌïòÎ£®ÌïúÎÅº one meal a day,Food & Drinks,4.3M,103.9K,4.4K,166,ASMR
21,extrahistory,Extra History,ASMR,4.1M,241.4K,22K,296,ASMR
22,kingsandgenerals,Kings and Generals,ASMR,3.9M,121.9K,7.1K,271,ASMR
23,asitmen,Asitmen,ASMR,3.7M,489.5K,16.6K,152,ASMR
24,kentycook,„Ç±„É≥„ÉÜ„Ç£„ÉºÂÅ•‰∫∫_kenty_cook,Food & Drinks,3.7M,565.6K,50.3K,296,ASMR
25,haleypham,Haley Pham,ASMR,3.5M,421.5K,23.1K,721,ASMR
26,danirazooqi6,Dani Razooqi,Food & Drinks,3.3M,7.8K,598,31,ASMR
27,abbeyasmr,Abbey ASMR,ASMR,3.1M,30.4K,424,19,ASMR
28,asmrphan,ASMR Phan,ASMR,2.9M,24.8K,1.2K,79,ASMR
29,nado1123,ÎÇòÎèÑNado,ASMR,2.8M,124.1K,3.2K,37,ASMR
30,coromosaraasmr,Coromo Sara. ASMR,ASMR,2.8M,24.7K,2.4K,29,ASMR
31,epichistorytv,Epic History,ASMR,2.6M,29.8K,1.9K,93,ASMR
32,jeremyfragrance,Jeremy Fragrance,Fashion,2.5M,4.8K,176,15,ASMR
33,snarled,SNARLED,ASMR,2.3M,2.3K,190,8,ASMR
34,insecthaustv,InsecthausTV (Insecthaus),Animals & Pets,2.3M,7.6K,441,26,ASMR
35,talisatossell,Talisa Tossell,DIY & Life Hacks,2.2M,3.8K,259,8,ASMR
36,vitoasmr,Vito ASMR,ASMR,2.2M,92.1K,4.2K,116,ASMR
37,khanhvyofficial,Kh√°nh Vy OFFICIAL,ASMR,2.2M,50.6K,4.1K,45,ASMR
38,top5unknowns,Top 5 Unknowns,ASMR,2.1M,29.9K,779,55,ASMR
39,chynauniqueasmr,Chynaunique ASMR,ASMR,2.1M,52.6K,2.3K,131,ASMR
40,eckharttolle,Eckhart Tolle,ASMR,2.1M,25.5K,1.8K,62,ASMR
41,seegichannelofficial,Seegi Channel,Humor,2.1M,5.9K,93,10,ASMR
42,eodyd188,Î∞¥ÏØî,Food & Drinks,2M,22K,0,29,ASMR
43,veronicawang,Veronica Wang,Food & Drinks,2M,241.3K,6.3K,915,ASMR
44,alissaashley,Alissa Ashley,Beauty,2M,24.4K,2.5K,60,ASMR
45,knowledgia,Knowledgia,ASMR,2M,204.4K,5.2K,431,ASMR
46,asmrbakery,ASMR Bakery,ASMR,2M,65.3K,4.1K,82,ASMR
47,amiami-uo5do,[AmiAmi]ÏïÑÎØ∏ÏïÑÎØ∏,ASMR,1.9M,122.1K,3.9K,127,ASMR
48,lovelymimi,LovelyMimi,Food & Drinks,1.9M,13K,916,43,ASMR
49,usefulcharts,UsefulCharts,ASMR,1.9M,65.9K,4.3K,1.6K,ASMR
50,asmrsuna,ASMR Suna,ASMR,1.9M,199.5K,3.2K,123,ASMR
1,supercarblondie,Supercar Blondie,Autos & Vehicles,21.3M,172.8K,6.8K,160,Autos & Vehicles
2,quantumtech,Quantum Tech HD,Autos & Vehicles,16M,690.5K,4.6K,172,Autos & Vehicles
3,stephensharer,Stephen Sharer,Autos & Vehicles,12M,139.7K,2.7K,65,Autos & Vehicles
4,formula1,FORMULA 1,Autos & Vehicles,11.8M,151.4K,7.5K,108,Autos & Vehicles
5,magnetworld,Magnet World,Toys,11.1M,7.5K,55,5,Autos & Vehicles
6,cartersharer,Carter Sharer,Autos & Vehicles,10.8M,298.1K,5.6K,486,Autos & Vehicles
7,chrisfix,ChrisFix,Autos & Vehicles,10.6M,846.6K,45.6K,3.5K,Autos & Vehicles
8,slobnazzz,Nazar Slobodenko,Autos & Vehicles,9.9M,366.5K,11K,20,Autos & Vehicles
9,topgear,Top Gear,Autos & Vehicles,9.2M,275.2K,7.2K,572,Autos & Vehicles
10,superherointraining_,Superherointraining,Autos & Vehicles,9M,52.4K,1.9K,30,Autos & Vehicles
11,donut,Donut,Autos & Vehicles,9M,603.7K,23.2K,1.4K,Autos & Vehicles
12,scottykilmer,Scotty Kilmer,Autos & Vehicles,6.5M,98.7K,4.7K,275,Autos & Vehicles
13,dougdemuro,Doug DeMuro,Autos & Vehicles,4.9M,101.3K,3.4K,366,Autos & Vehicles
14,primitivetool,Primitive Tool,Autos & Vehicles,4.6M,37.9K,267,13,Autos & Vehicles
15,scaryteachersqgame,Scary Teacher SQgame,Autos & Vehicles,4.5M,23.7K,1.2K,1,Autos & Vehicles
16,thestradman,TheStradman,Autos & Vehicles,4.5M,704.9K,41.9K,2K,Autos & Vehicles
17,cboystv,CboysTV,Autos & Vehicles,4.4M,1.7M,53.9K,2.8K,Autos & Vehicles
18,cleetusm,Cleetus McFarland,Autos & Vehicles,4.2M,1.7M,97.4K,6.7K,Autos & Vehicles
19,dailydrivenexotics,DailyDrivenExotics,Autos & Vehicles,4M,452.5K,27K,2.2K,Autos & Vehicles
20,autotopnl,AutoTopNL,Autos & Vehicles,4M,42.3K,1.4K,84,Autos & Vehicles
21,engineeringexplained,Engineering Explained,Autos & Vehicles,4M,706.4K,30.4K,2.1K,Autos & Vehicles
22,westenchamplin,Westen Champlin,Autos & Vehicles,3.9M,2.9M,88.5K,2.7K,Autos & Vehicles
23,mightycarmods,Mighty Car Mods,Autos & Vehicles,3.9M,63.9K,2.2K,95,Autos & Vehicles
24,tocaa_mona,Sara & Hazem,Autos & Vehicles,3.9M,167K,26.7K,248,Autos & Vehicles
25,adamlz,Adam LZ,Autos & Vehicles,3.8M,333.2K,17.9K,960,Autos & Vehicles
26,jaylenosgarage,Jay Leno's Garage,Autos & Vehicles,3.8M,10.8K,528,19,Autos & Vehicles
27,thedetailgeek,The Detail Geek,Autos & Vehicles,3.8M,10K,765,10,Autos & Vehicles
28,masface6,MasFace,Autos & Vehicles,3.8M,45.4K,2.5K,59,Autos & Vehicles
29,1320video,1320video,Autos & Vehicles,3.6M,58.6K,2.9K,104,Autos & Vehicles
30,projectfarm,Project Farm,Autos & Vehicles,3.5M,810.5K,33.1K,5.4K,Autos & Vehicles
31,hagerty,Hagerty,Autos & Vehicles,3.4M,148.4K,6.9K,318,Autos & Vehicles
32,throttlehouse,Throttle House,Autos & Vehicles,3.2M,631.3K,25.8K,1.6K,Autos & Vehicles
33,kevintalbottv,Kevin Talbot,Autos & Vehicles,3.2M,282.2K,8.4K,520,Autos & Vehicles
34,thepoolguyml,thep00lguy ML,Autos & Vehicles,3.1M,22.3K,1K,19,Autos & Vehicles
35,forrestsautoreviewsofficial,Forrest's Auto Reviews,Autos & Vehicles,3.1M,440.6K,49.1K,688,Autos & Vehicles
36,dirtbikelunatic,DirtBike Lunatic,Humor,2.9M,31.3K,1.2K,83,Autos & Vehicles
37,marianaandvova52,Mariana and Vova,Autos & Vehicles,2.8M,6.5K,139,1,Autos & Vehicles
38,tesla,Tesla,Autos & Vehicles,2.8M,252K,9.2K,848,Autos & Vehicles
39,xpertgamingtech,Xpertgamingtech,Autos & Vehicles,2.8M,19.2K,794,68,Autos & Vehicles
40,grindhardplumbingco,Grind Hard Plumbing Co,Autos & Vehicles,2.8M,815.7K,26.5K,888,Autos & Vehicles
41,shmee150,Shmee150,Autos & Vehicles,2.8M,27.9K,1.9K,76,Autos & Vehicles
42,sunfarming7533,Sun Farming,Autos & Vehicles,2.7M,36.7K,2.4K,4,Autos & Vehicles
43,throtl,throtl,Autos & Vehicles,2.7M,19K,1.6K,19,Autos & Vehicles
44,goonzquad,goonzquad,Autos & Vehicles,2.7M,626.2K,33.6K,1.2K,Autos & Vehicles
45,gumbal,Gumbal,Autos & Vehicles,2.7M,7.2K,271,8,Autos & Vehicles
46,whatsinsidefamily,WHAT'S INSIDE? FAMILY,Autos & Vehicles,2.6M,68K,1.1K,58,Autos & Vehicles
47,1aauto,1A Auto: Repair Tips & Secrets Only Mechanics Know,Autos & Vehicles,2.6M,918,55,3,Autos & Vehicles
48,magnetsatisfying,Magnet Satisfying,Autos & Vehicles,2.5M,802,164,10,Autos & Vehicles
49,marianazd,MARIANA ZD,DIY & Life Hacks,2.5M,5.1K,134,1,Autos & Vehicles
50,bikesandbeards,Bikes and Beards,Autos & Vehicles,2.5M,577.1K,18.6K,1.2K,Autos & Vehicles
1,thedodo,The Dodo,Animals & Pets,17M,170.3K,8.7K,255,Animals & Pets
2,sealookofficial,SEALOOK Official,Animals & Pets,8.9M,62.7K,2.3K,33,Animals & Pets
3,petcollective,The Pet Collective,Animals & Pets,8.7M,12.4K,898,20,Animals & Pets
4,_the_clean_girl,Clean Girl,Animals & Pets,8.3M,1.3M,29K,738,Animals & Pets
5,antscanada,AntsCanada,Animals & Pets,6.4M,1.2M,40.2K,4.1K,Animals & Pets
6,jayprehistoricpetstv,JayPrehistoricPets,Animals & Pets,6.1M,23K,1K,49,Animals & Pets
7,theengineeringfamily,TheEngineeringFamily,Animals & Pets,5.8M,23.6K,82,0,Animals & Pets
8,animalplanet,Animal Planet,Animals & Pets,5.7M,7.6K,350,10,Animals & Pets
9,trendspot,Trend Spot,Animals & Pets,5.5M,50.3K,612,41,Animals & Pets
10,autumnnmonique,Autumn Monique,Animals & Pets,5.5M,106.1K,8.5K,296,Animals & Pets
11,brodiethatdood,Brodie That Dood,Animals & Pets,5.5M,50.9K,7.7K,197,Animals & Pets
12,animal_in_crisis,Kritter Klub,Animals & Pets,5.3M,7K,577,16,Animals & Pets
13,corbinmaxey,Corbin Maxey,Toys,5.2M,39.6K,2.7K,48,Animals & Pets
14,rockykanaka,Rocky Kanaka,Animals & Pets,5M,179.5K,13.1K,1.2K,Animals & Pets
15,thedogdaddyofficial,The Dog Daddy,Animals & Pets,4M,15.1K,1.1K,54,Animals & Pets
16,seandubs,Sean Dubs,Animals & Pets,3.9M,19K,587,12,Animals & Pets
17,lukesgoldies,Luke's Goldies,Animals & Pets,3.9M,81.7K,8K,140,Animals & Pets
18,zakgeorge,Zak George‚Äôs Dog Training Revolution,Animals & Pets,3.7M,8.5K,439,53,Animals & Pets
19,studiognyang,studio GNYANG,Animals & Pets,3.7M,6.8K,202,11,Animals & Pets
20,brennan.rogers,Brennan Rogers,Animals & Pets,3.6M,38.2K,2.3K,40,Animals & Pets
21,lionwhisperertv,The Lion Whisperer,Animals & Pets,3.3M,89.9K,6.1K,375,Animals & Pets
22,hellokittyandfriends,Hello Kitty and Friends,Animals & Pets,3.2M,9K,463,0,Animals & Pets
23,darkdynastyk9s,DARKDYNASTYK9S,Animals & Pets,3.2M,32.5K,1.4K,21,Animals & Pets
24,theurbanrescueranch,The Urban Rescue Ranch,Animals & Pets,3.2M,423.8K,41.3K,1.6K,Animals & Pets
25,cesarmillanofficial,Cesar Millan,Animals & Pets,3.2M,28.8K,1.5K,72,Animals & Pets
26,gracesharer,GRACE SHARER,Animals & Pets,3.1M,48.8K,1.1K,8,Animals & Pets
27,elliegoldenlife,Ellie Golden Life,Animals & Pets,3.1M,358.1K,35.6K,287,Animals & Pets
28,exoticslair,Exotics Lair,Animals & Pets,3.1M,16.9K,1.1K,73,Animals & Pets
29,outdoorsavannah,Raja and David,Animals & Pets,3.1M,8.9K,705,13,Animals & Pets
30,rightchoiceshearing,Right Choice Shearing,Animals & Pets,3M,25.4K,3K,176,Animals & Pets
31,safarisammie,Safari Sammie,Animals & Pets,3M,81.4K,8.5K,197,Animals & Pets
32,girlwiththedogs,Girl With The Dogs,Animals & Pets,2.9M,185.9K,22.1K,439,Animals & Pets
33,chandlerswildlife,Chandler's Wild Life,Animals & Pets,2.8M,44K,2.8K,103,Animals & Pets
34,gohanthehusky,Gohan The Husky,Animals & Pets,2.8M,7.3K,614,56,Animals & Pets
35,kittisaurus,Kittisaurus,Animals & Pets,2.8M,32.6K,3.1K,98,Animals & Pets
36,playadoptme,PlayAdoptMe,Animals & Pets,2.7M,41.7K,3.8K,0,Animals & Pets
37,londolozigamereserve,Londolozi Game Reserve,Animals & Pets,2.6M,12.5K,437,11,Animals & Pets
38,sbmowing,SB Mowing,Humor,2.6M,374.3K,32.7K,1.4K,Animals & Pets
39,gw-khem,GW KHEM,Animals & Pets,2.6M,136,2,0,Animals & Pets
40,iampuma,I_am_puma,Animals & Pets,2.6M,49.9K,4.2K,283,Animals & Pets
41,jacksongalaxy,Jackson Galaxy,Animals & Pets,2.5M,24.2K,3.1K,110,Animals & Pets
42,viralbe,ViralBe,Animals & Pets,2.4M,8.6K,156,13,Animals & Pets
43,abrameng,Abram Engle,Animals & Pets,2.3M,162K,21.1K,227,Animals & Pets
44,jacobfeder,Jacob Feder,Animals & Pets,2.3M,52.9K,1.3K,117,Animals & Pets
45,insecthaustv,InsecthausTV (Insecthaus),Animals & Pets,2.3M,7.6K,441,26,Animals & Pets
46,milkybokitan6437,MilkyBokiTan,Animals & Pets,2.2M,50.7K,4.9K,244,Animals & Pets
47,petsies,Petsies,Animals & Pets,2.2M,9.1K,691,7,Animals & Pets
48,thereptilezootv,The Reptile Zoo,Animals & Pets,2.2M,11.8K,751,16,Animals & Pets
49,bodeumofficial,Í∞ïÌòïÏö±Ïùò Î≥¥Îì¨TV,Animals & Pets,2.1M,38.7K,1.6K,34,Animals & Pets
50,mountainrugcleaning,Mountain Rug Cleaning,Animals & Pets,1.9M,166.8K,5.2K,322,Animals & Pets
1,unboxtherapy,Unbox Therapy,Design/art,24.9M,958.9K,8.7K,102,Design/art
2,mkbhd,Marques Brownlee,Design/art,19.9M,2M,90.8K,3.8K,Design/art
3,juliagisella,JULIA GISELLA,Design/art,17.4M,3.4M,138.7K,641,Design/art
4,google,Google,Design/art,13M,9.1K,320,49,Design/art
5,devonrodriguezart1,Devon Rodriguez,Design/art,12.6M,63.3K,7K,153,Design/art
6,halsey,Halsey,Design/art,12.2M,48.5K,3.3K,249,Design/art
7,hydraulicpresschannel,Hydraulic Press Channel,Design/art,10.4M,73.6K,2.1K,22,Design/art
8,safiya,Safiya Nygaard,Fashion,10.2M,1.3M,95.1K,4.4K,Design/art
9,jerryrigeverything,JerryRigEverything,Design/art,9.2M,647.8K,29.9K,1.1K,Design/art
10,aweme,AWE me,Design/art,7.3M,299.8K,7.5K,134,Design/art
11,tested,Adam Savage‚Äôs Tested,Design/art,6.9M,91K,3.7K,231,Design/art
12,anacrylics,Anacrylics,Beauty,6.4M,17.2K,2.5K,40,Design/art
13,greatbigstory,Great Big Story,Design/art,6.3M,28.6K,734,25,Design/art
14,mimoda.,MI MODA,Fashion,5.6M,38.9K,3.2K,63,Design/art
15,leahashe,Leah Ashe,Fashion,5.3M,113K,3.4K,484,Design/art
16,oupaart305,Oupa Art,Design/art,5M,3.7K,92,3,Design/art
17,almostperfectrestoration,Almost Perfect Restoration,Design/art,4.1M,140.2K,5.2K,51,Design/art
18,dior,Christian Dior,Fashion,4.1M,6.8K,391,14,Design/art
19,theworldofboxing,The World of Boxing!,Design/art,4M,35.4K,448,17,Design/art
20,drawsocute,Draw So Cute,Design/art,4M,8K,96,37,Design/art
21,enesyilmazer,Enes Yilmazer,Design/art,4M,258.4K,8K,484,Design/art
22,cnet,CNET,Design/art,4M,8.8K,308,15,Design/art
23,mrkate,Mr. Kate,Design/art,3.8M,75.5K,5.9K,619,Design/art
24,justplanes,Just Planes,Design/art,3.7M,25.5K,1.2K,22,Design/art
25,homerenovisiondiy,Home RenoVision DIY,Design/art,3.5M,24.7K,1K,68,Design/art
26,kevinstratvert,Kevin Stratvert,Design/art,3.5M,14.7K,397,31,Design/art
27,androidauthority,Android Authority,Design/art,3.4M,4.2K,161,7,Design/art
28,cutepolish,cutepolish,Beauty,3.4M,3.7K,230,4,Design/art
29,notwhatyouthink,Not What You Think,Design/art,3.2M,101.4K,4.2K,68,Design/art
30,crescentshay,Crescent Shay,Fashion,3.1M,142.7K,13.4K,381,Design/art
31,forrestsautoreviewsofficial,Forrest's Auto Reviews,Autos & Vehicles,3.1M,477.3K,47.9K,664,Design/art
32,victoriassecret,Victoria's Secret,Fashion,2.9M,4.2K,473,12,Design/art
33,gunnardeatherage,Gunnar Deatherage,Design/art,2.8M,504.1K,74.8K,360,Design/art
34,leilagharani,Leila Gharani,Design/art,2.8M,30.7K,1.2K,44,Design/art
35,erikvanconover,Erik Van Conover,Design/art,2.7M,22.3K,1.1K,99,Design/art
36,brainstechknowlogy,Brains techKnowlogy,Design/art,2.7M,44.5K,558,9,Design/art
37,wintergatan,Wintergatan,Design/art,2.7M,866.6K,34.3K,1.6K,Design/art
38,tony_jeffries,Tony Jeffries,Design/art,2.7M,61.4K,2.5K,211,Design/art
39,itsub,ITSubÏûáÏÑ≠,Design/art,2.7M,566.8K,5.8K,784,Design/art
40,duongde_official,D∆∞∆°ng D√™,Design/art,2.6M,24.5K,426,123,Design/art
41,tsmcminecraft,TSMC - Minecraft,Design/art,2.5M,8.1K,183,60,Design/art
42,justmar,Mar ‚ô•,Fashion,2.4M,873.5,63,1,Design/art
43,gawxart,Gawx Art,Design/art,2.4M,537.3K,61.6K,2.3K,Design/art
44,minoricuteclub,Minori,DIY & Life Hacks,2.4M,21.2K,2K,190,Design/art
45,yoduvhessentials6310,Yoduvh Essentials,DIY & Life Hacks,2.3M,3.5K,487,27,Design/art
46,realvatvostudio,V·∫≠t V·ªù Studio,Design/art,2.3M,20K,332,72,Design/art
47,googlechrome,Google Chrome,Design/art,2.3M,2K,46,5,Design/art
48,jameshoffmann,James Hoffmann,Design/art,2.3M,502.8K,21.6K,2.1K,Design/art
49,thisoldhouse,This Old House,Design/art,2.2M,24.3K,692,49,Design/art
50,supersaf,SuperSaf,Design/art,2.2M,103.6K,2.9K,145,Design/art
1,babycenter,BabyCenter,Family & Parenting,682.4K,801,30,0,Family & Parenting
2,reggiebaybeetv,ReggieBaybeeTv,Humor,410.5K,9.1K,402,48,Family & Parenting
3,leeminjoo_lab,Ïù¥ÎØºÏ£ºÏú°ÏïÑÏÉÅÎã¥ÏÜå,Family & Parenting,236.5K,13.4K,271,23,Family & Parenting
4,juliederu,Julie Deru,Family & Parenting,227.5K,9.5K,531,64,Family & Parenting
5,danieldinspires,Daniel D.,Family & Parenting,212.6K,8.3K,119,26,Family & Parenting
6,daulbebe,Daulbebe TV,Family & Parenting,208.5K,1.9K,38,1,Family & Parenting
7,understoodorg,Understood,Family & Parenting,202.4K,2.3K,157,6,Family & Parenting
8,marybarbera,Dr. Mary Barbera - Turn Autism Around¬Æ,Family & Parenting,189.4K,884.5,40,2,Family & Parenting
9,jerrywise,Jerry Wise,Health & Self Help,186.5K,3.5K,620,27,Family & Parenting
10,thegottmaninstitute,The Gottman Institute,Family & Parenting,172.5K,3.4K,240,6,Family & Parenting
11,heyshayla,Hey Shayla,Family & Parenting,151.5K,7K,373,91,Family & Parenting
12,mamaslatinaschannel,Mam√°sLatinas,Family & Parenting,135.5K,854.5,13,1,Family & Parenting
13,doctorshefali,Dr. Shefali,Family & Parenting,115.6K,747,83,6,Family & Parenting
14,candacevandell,Candace van Dell,Health & Self Help,110.5K,657,67,7,Family & Parenting
15,hifamlife,"Hi, Fam!",Family & Parenting,98.8K,633.5,39,2,Family & Parenting
16,marktdejesus,Mark DeJesus,Health & Self Help,88.4K,5.3K,411,48,Family & Parenting
17,adhddude,ADHD Dude,Family & Parenting,79.6K,1.7K,76,9,Family & Parenting
18,top-persianmedia,TPM - Top Persian Media,Family & Parenting,71.7K,1.7K,13,4,Family & Parenting
19,iofrimpong,Irami Osei-Frimpong - The Funky Academic,Family & Parenting,28.7K,1.9K,152,49,Family & Parenting
20,jessica-darwin,Jessica & Darwin,Family & Parenting,25K,644,25,2,Family & Parenting
21,nowthatwereafamilypodcast,Now That We're A Family Podcast,Family & Parenting,24.1K,9.3K,306,58,Family & Parenting
22,thishomeschoolhouse,This Homeschool House,Education,20.6K,1.8K,106,16,Family & Parenting
23,thefredericks,The Fierce Family (The Fredericks),Family & Parenting,20.6K,1.1K,52,3,Family & Parenting
24,ryanthomasspeaks,RyanThomasSpeaks,Family & Parenting,18.4K,749.5,70,30,Family & Parenting
25,bradshore,"Brad Shore, LMFT",Health & Self Help,17.7K,406,56,15,Family & Parenting
26,onemomsbattle,Divorcing a Narcissist with Tina Swithin,Family & Parenting,17K,115,11,0,Family & Parenting
27,girlteachme,"Girl, Teach Me",Family & Parenting,17K,860.5,48,3,Family & Parenting
28,brittanykellytv,Brittany Kelly,Health & Self Help,15.9K,381.5,10,1,Family & Parenting
29,janelleknutson,Janelle Knutson,Family & Parenting,15.3K,345,29,11,Family & Parenting
30,seanandlanette,Sean and Lanette Reed,Family & Parenting,10.7K,228,18,2,Family & Parenting
31,mrsdaisymama,Mrs Daisy Mama,Health & Self Help,9.3K,3.2K,183,55,Family & Parenting
32,simplyconvivial,Mystie Winckler - Simply Convivial,Family & Parenting,8.3K,382,19,1,Family & Parenting
33,erasingfamily,Erasing Family,Family & Parenting,4.4K,347.5,33,7,Family & Parenting
34,gentlyledsisters,Gently Led Sisters,Family & Parenting,3.9K,354.5,18,1,Family & Parenting
35,grownowadhd,GrowNOW ADHD,Family & Parenting,2.9K,286,18,1,Family & Parenting
1,theinfographicsshow,The Infographics Show,Education,14.8M,137.1K,3.3K,256,Education
2,englishwithlucy,English with Lucy,Education,12M,123.1K,7K,331,Education
3,theschooloflifetv,The School of Life,Education,9.3M,38.6K,2K,91,Education
4,anthonypadilla,AnthonyPadilla,Education,7.7M,128.6K,9.4K,92,Education
5,duolingo,Duolingo,Education,5.7M,845.4K,69.1K,1.5K,Education
6,thoughty2,Thoughty2,Education,5.6M,343.3K,24.2K,976,Education
7,danlok,Dan Lok,Education,4.9M,2.7K,238,3,Education
8,alux,Alux.com,Education,4.8M,35.5K,1.8K,225,Education
9,engvidjames,ENGLISH with James ¬∑ engVid,Education,4.7M,16.9K,1.1K,41,Education
10,themercifulservant,MercifulServant,Education,4.6M,10.8K,612,58,Education
11,garyvee,GaryVee,Education,4.6M,7.1K,494,12,Education
12,registerednursern,RegisteredNurseRN,Health & Self Help,4.1M,8K,295,11,Education
13,footdocdana,FootDocDana,Education,4.1M,35.4K,2.5K,63,Education
14,lukedavidsonfacts,Luke Davidson Facts,Education,4.1M,7.7K,632,14,Education
15,theworldofboxing,The World of Boxing!,Design/art,4M,35.4K,448,17,Education
16,engvidrebecca,Learn English with Rebecca ¬∑ engVid,Education,3.8M,73.8K,2.7K,86,Education
17,mndiaye_97,Casual Geographic,Education,3.7M,1.5M,119.1K,4.3K,Education
18,engvidadam,Adam‚Äôs English Lessons ¬∑ engVid,Education,3.6M,23K,1.3K,54,Education
19,projectnightfallstories,Project Nightfall,Education,3.4M,38.4K,1.5K,209,Education
20,thematthewhussey,Matthew Hussey,Education,3.3M,28.9K,1.4K,135,Education
21,pursuitofwonder,Pursuit of Wonder,Education,3.2M,175.8K,9.4K,994,Education
22,thinkmediatv,Think Media,Education,3.2M,3.6K,236,8,Education
23,mindyourdecisions,MindYourDecisions,Education,3.2M,56.6K,2K,189,Education
24,alexhormozi,Alex Hormozi,Education,3.2M,117.9K,7.8K,84,Education
25,akidearest,akidearest,Education,2.9M,97.4K,8.8K,480,Education
26,omaragamyy,Omar Agamy,Education,2.7M,346.9K,34.5K,1.3K,Education
27,thearmchairhistorian,The Armchair Historian,Animation,2.4M,241.4K,11.8K,676,Education
28,studytosuccess,Study To Success,Education,2.1M,8.1K,651,59,Education
29,learnenglishwithbobthecanadian,Learn English with Bob the Canadian,Education,2.1M,18.7K,1.1K,45,Education
30,learnfrenchwithalexa,Learn French With Alexa,Education,2M,7.8K,479,9,Education
31,sebasi15,ÏÑ∏Î∞îÏãú Í∞ïÏó∞ Sebasi Talk,Education,2M,25.9K,446,12,Education
32,investmentjoy,Investment Joy,Education,2M,11.4K,290,38,Education
33,huggbees,Huggbees,Education,2M,150.6K,14.2K,708,Education
34,taskandpurpose,Task & Purpose,Education,2M,937.1K,32K,4.3K,Education
35,freedocumentarynature,Free Documentary - Nature,Education,1.9M,18.8K,443,26,Education
36,mrspherical,MrSpherical,Education,1.9M,147.2K,8.1K,412,Education
37,howtosurviveshow,How to Survive,Education,1.9M,87.8K,1.4K,108,Education
38,tocajulia.,Toca Julia,Science & Technology,1.9M,325.7K,17.2K,358,Education
39,dailystoic,Daily Stoic,Education,1.9M,9.3K,856,11,Education
40,vladhungrygen,Vlad Savchuk,Education,1.9M,33K,3.1K,172,Education
41,calebhammer,Caleb Hammer,Education,1.9M,225.4K,8.8K,257,Education
42,jaketran,Jake Tran,Education,1.9M,60.4K,2.4K,247,Education
43,yaftv,Young America's Foundation,Education,1.8M,7.9K,706,40,Education
44,sprouts,Sprouts,Science & Technology,1.8M,3.7K,173,8,Education
45,padreluistoro.,Padre Luis Toro,Education,1.8M,51.3K,4.9K,213,Education
46,magnatesmedia,MagnatesMedia,Education,1.7M,27.2K,1.7K,42,Education
47,marissarachel,Marissa Rachel,Education,1.6M,1.8K,60,1,Education
48,motivationark,Motivation Ark,Education,1.6M,3.1K,98,9,Education
49,drawforfunyt,Draw For Fun,Education,1.6M,247.8K,5.4K,86,Education
50,completeanatomyelsevier,Complete Anatomy,Education,1.6M,3.7K,197,1,Education
1,chloeting,Chloe Ting,Fitness,25.7M,82.7K,2.9K,115,Fitness
2,athleanx,ATHLEAN-X‚Ñ¢,Fitness,14M,169.3K,8.3K,183,Fitness
3,yogawithadriene,Yoga With Adriene,Fitness,13.2M,103.2K,3.4K,195,Fitness
4,isaiahphoto,Isaiah Photo,Fitness,10.4M,49.5K,2.2K,70,Fitness
5,madfit,MadFit,Fitness,10.2M,35.1K,2.3K,23,Fitness
6,browney,Browney,Fitness,8.6M,887.7K,53.9K,343,Fitness
7,officialthenxstudios,THENX,Fitness,7.8M,92K,3.9K,283,Fitness
8,vladimirfitness,ANATOLY,Fitness,7.6M,2.5M,96.8K,3.3K,Fitness
9,emiwong,emi wong,Fitness,7.1M,3K,185,5,Fitness
10,noeldeyzel,Noel Deyzel,Fitness,7.1M,648.4K,47.2K,619,Fitness
11,jeremyethier,Jeremy Ethier,Fitness,7M,278.7K,18.6K,636,Fitness
12,growwithjo,growwithjo,Fitness,7M,141.7K,7.9K,99,Fitness
13,junyajr.andmask,Junya jr.andMask / „Åì„Åò„ÇÖ„Çì„ÇÑ,Humor,6.7M,17.3K,276,0,Fitness
14,fitnessblender,FitnessBlender,Fitness,6.6M,2.5K,126,2,Fitness
15,jeffnippard,Jeff Nippard,Fitness,6.6M,1.6M,93.1K,1.4K,Fitness
16,jessejameswest,Jesse James West,Fitness,6.4M,771.7K,44.5K,295,Fitness
17,bodybuildingcom,Bodybuilding.com,Fitness,6.1M,5.7K,182,6,Fitness
18,squatuniversity,Squat University,Fitness,5.9M,177.4K,7.5K,120,Fitness
19,bobandbrad,Bob & Brad,Fitness,5.2M,10.4K,691,29,Fitness
20,chrisheria,CHRIS HERIA,Fitness,5.2M,150K,8.2K,325,Fitness
21,browneyshorts,Stan Browney,Fitness,4.5M,270.5K,6.4K,302,Fitness
22,hybridcalisthenics,Hybrid Calisthenics,Fitness,4.4M,60.5K,5.1K,100,Fitness
23,breatheandflow,Breathe and Flow,Fitness,4.3M,2.7K,0,4,Fitness
24,calimove,Calisthenicmovement,Fitness,4.3M,51.9K,2.5K,84,Fitness
25,streetbeefs_,STREETBEEFS,Fitness,4.2M,15.4K,415,46,Fitness
26,movewithnicole,Move With Nicole,Fitness,4.2M,276K,12.1K,355,Fitness
27,chrisbumstead,Chris Bumstead,Fitness,4.2M,367.3K,18.8K,583,Fitness
28,sam_sulek,Sam Sulek,Fitness,4M,208.4K,8.1K,596,Fitness
29,kalimuscle,Kali Muscle,Fitness,3.9M,13.1K,466,82,Fitness
30,drrowe,SpineCare Decompression and Chiropractic Center,Fitness,3.9M,16.7K,1.2K,41,Fitness
31,vidasaludybienestar,Vida Salud y Bienestar,Health & Self Help,3.9M,1.7K,66,3,Fitness
32,motiversity,Motiversity,Fitness,3.8M,8.9K,702,18,Fitness
33,movementbydavid,MovementbyDavid,Fitness,3.8M,98.1K,8.5K,104,Fitness
34,motivationhubofficial,MotivationHub,Fitness,3.5M,4.9K,274,5,Fitness
35,willtennyson,Will Tennyson,Fitness,3.5M,2.3M,72.4K,3.3K,Fitness
36,thatswhymma,That's why MMA!,Fitness,3.5M,94.9K,5.1K,29,Fitness
37,focusedlucas,pigmie,Fitness,3.4M,28.8K,1.5K,196,Fitness
38,renaissanceperiodization,Renaissance Periodization,Fitness,3.3M,270.4K,11.5K,326,Fitness
39,eddiehallwsm,Eddie Hall The Beast,Fitness,3.2M,155.8K,5.6K,321,Fitness
40,larrywheels,Larry Wheels,Fitness,3.2M,107K,6.5K,114,Fitness
41,thankyoububu,Thankyou BUBU,Fitness,3.1M,127.1K,4K,269,Fitness
42,ÌîºÏßÄÏª¨Í∞§Îü¨Î¶¨,ÌîºÏßÄÏª¨Í∞§Îü¨Î¶¨,Humor,3.1M,73.4K,810,90,Fitness
43,bohobeautiful,Boho Beautiful Yoga,Fitness,3.1M,86.2K,3.1K,90,Fitness
44,toprank,Top Rank Boxing,Fitness,3.1M,12.9K,245,39,Fitness
45,scotthermanfitness,ScottHermanFitness,Fitness,2.8M,5.5K,374,88,Fitness
46,yogawithkassandra,Yoga with Kassandra,Fitness,2.7M,65.4K,4K,215,Fitness
47,theleanbeefpatty,LeanBeefPatty,Fitness,2.7M,161.7K,10.5K,454,Fitness
48,buffdudes,Buff Dudes,Fitness,2.7M,155.9K,6.4K,375,Fitness
49,krissycelaa,Krissy Cela,Health & Self Help,2.7M,24.4K,1.5K,24,Fitness
50,toneandtighten,Tone and Tighten,Fitness,2.7M,4.8K,384,6,Fitness
1,vogue,Vogue,Fashion,15.4M,133K,5.7K,70,Fashion
2,safiya,Safiya Nygaard,Fashion,10.2M,1.5M,107.8K,4.7K,Fashion
3,bradmondo,Brad Mondo,Fashion,8.5M,116.9K,9.3K,131,Fashion
4,hopescope,HopeScope,Fashion,6.3M,1.7M,44.8K,2.7K,Fashion
5,carlibel55,Carli Bybel,Fashion,6.1M,50K,1.9K,112,Fashion
6,mimoda.,MI MODA,Fashion,5.6M,34.5K,3K,62,Fashion
7,leahashe,Leah Ashe,Fashion,5.3M,122.8K,3.4K,469,Fashion
8,roccibella,Roccibella,Fashion,5.1M,6K,214,12,Fashion
9,christendominique,Christen Dominique,Beauty,4.8M,36.8K,1.9K,77,Fashion
10,laura88lee,Laura Lee,Fashion,4.6M,67.4K,3.3K,54,Fashion
11,miamaples,Mia Maples,Fashion,4.6M,534.5K,42.3K,3.7K,Fashion
12,patrickstarrr,PatrickStarrr,Fashion,4.4M,6.5K,456,7,Fashion
13,dior,Christian Dior,Fashion,4.1M,7.5K,387,14,Fashion
14,jacyandkacy,JacyandKacy,Fashion,4M,15.8K,593,35,Fashion
15,missdarcei,MissDarcei,Beauty,3.7M,332.5K,33.1K,558,Fashion
16,amberscholl,Amber Scholl,Fashion,3.7M,170.3K,10K,574,Fashion
17,sophiagrace,Sophia Grace,Fashion,3.5M,24K,1.4K,83,Fashion
18,madeleine_white,Maddie White,Daily vlogs,3.5M,1.3M,131.3K,684,Fashion
19,zoeunlimited,zoeunlimited,Fashion,3.4M,10.8K,767,9,Fashion
20,refinery29,Refinery29,Fashion,3.2M,2.6K,75,2,Fashion
21,jbglobal0415,J & B Global,Fashion,3.1M,23.7K,641,9,Fashion
22,crescentshay,Crescent Shay,Fashion,3.1M,145.4K,13.6K,381,Fashion
23,luxyhair,Luxy Hair,Fashion,3.1M,1.6K,53,0,Fashion
24,gabi_demartino,fancy vlogs by gab,Fashion,3.1M,19.6K,751,35,Fashion
25,victoriassecret,Victoria's Secret,Fashion,2.9M,4.2K,473,12,Fashion
26,gunnardeatherage,Gunnar Deatherage,Design/art,2.9M,506K,75K,360,Fashion
27,vivacioushoney,VIVACIOUSHONEY,Fashion,2.8M,166.2K,13.3K,187,Fashion
28,styletheorists,The Style Theorists,Fashion,2.8M,133.7K,9.4K,431,Fashion
29,kellimaple,Kelli Maple,Fashion,2.6M,50K,672,113,Fashion
30,jeremyfragrance,Jeremy Fragrance,Fashion,2.5M,4.8K,176,15,Fashion
31,micarahtewers,Micarah Tewers,Fashion,2.5M,367.4K,46.1K,288,Fashion
32,justmar,Mar ‚ô•,Fashion,2.4M,873.5,63,1,Fashion
33,glitterandlazers,Glitterandlazers,Fashion,2.3M,10.9K,610,0,Fashion
34,nikidemar,NIKI DEMAR,Fashion,2.3M,32.4K,2.1K,15,Fashion
35,coolirpa,coolirpa,DIY & Life Hacks,2.3M,121.2K,13.6K,66,Fashion
36,naztazia,naztazia,DIY & Life Hacks,2M,96.3K,3.2K,40,Fashion
37,stephanielange,Stephanie Lange,Fashion,2M,405.3K,23.4K,5.4K,Fashion
38,itsmyrayeraye,ItsMyRayeRaye,Beauty,1.9M,11.7K,892,26,Fashion
39,kelliesweett,Kellie Sweet,Fashion,1.9M,1.3K,120,6,Fashion
40,jessicakobeissi,Jessica Kobeissi,Fashion,1.9M,78.4K,2.4K,427,Fashion
41,annabeyofficial,Anna Bey,Fashion,1.9M,99.4K,4.9K,512,Fashion
42,pidgindoll,Pidgin Doll,Fashion,1.8M,414K,46.8K,272,Fashion
43,brettmaverick,Brett Maverick,Fashion,1.8M,14.1K,1K,37,Fashion
44,bernadettebanner,Bernadette Banner,Fashion,1.8M,619.3K,49.9K,2.5K,Fashion
45,kayleymelissa,Kayley Melissa,Fashion,1.8M,9.7K,812,98,Fashion
46,sheawhitney,Shea Whitney,Fashion,1.7M,87.2K,4.7K,394,Fashion
47,gentlemansgazette,Gentleman's Gazette,Fashion,1.7M,13.5K,781,88,Fashion
48,briannaxrenee,Brianna Renee,Fashion,1.7M,118.7K,8.6K,47,Fashion
49,hindash,Hindash,Beauty,1.7M,58.4K,3.7K,156,Fashion
50,laurenalexis8480,Lauren Alexis,Fashion,1.7M,196.6K,6.2K,396,Fashion
1,wwe,WWE,Movies,107.5M,218.5K,10.4K,293,Movies
2,blackpink,BLACKPINK,Music & Dance,96.1M,2M,272.2K,23.5K,Movies
3,movieclips,Movieclips,Movies,63.6M,25.9K,283,14,Movies
4,dudeperfect,Dude Perfect,Movies,60.9M,2.4M,94.9K,2.9K,Movies
5,topperguild,Topper Guild,Movies,58.7M,6M,103K,420,Movies
6,zhong,Zhong,Movies,52.6M,4.5M,84.4K,978,Movies
7,mrbeast2,MrBeast 2,Movies,49.4M,6.7M,326.1K,4K,Movies
8,zachking,Zach King,Movies,42.1M,489.8K,31.3K,156,Movies
9,theellenshow,TheEllenShow,Movies,38.3M,7K,125,10,Movies
10,markiplier,Markiplier,Movies,37.3M,1.8M,100.6K,3.4K,Movies
11,disneymusicvevo,DisneyMusicVEVO,Music & Dance,36.7M,7.2K,244,11,Movies
12,nichlmao,NichLmao,Movies,36.5M,516.2K,15.6K,301,Movies
13,selenagomez,Selena Gomez,Music & Dance,35M,1.6M,92.5K,4.6K,Movies
14,sssniperwolf,SSSniperWolf,Movies,35M,832.7K,17.4K,2K,Movies
15,fallontonight,The Tonight Show Starring Jimmy Fallon,Movies,32.4M,128.3K,2.7K,163,Movies
16,jacksepticeye,jacksepticeye,Movies,31M,1.8M,140.2K,5.2K,Movies
17,netflix,Netflix,Movies,30M,73.5K,1.7K,137,Movies
18,justinflom,Justin Flom,Movies,29.9M,621.9K,20.6K,103,Movies
19,royaltyfam,The Royalty Family,Movies,28.8M,3.8M,57.9K,8K,Movies
20,jordanmatter,Jordan Matter,Movies,28.4M,9.6M,109.2K,14.5K,Movies
21,rug,FaZe Rug,Movies,27.4M,2.7M,60.2K,4.4K,Movies
22,yellowdressgirlll,Yellow Dress Girl,Movies,27.2M,148.7K,8.6K,185,Movies
23,smosh,Smosh,Movies,26.8M,323.8K,30.1K,221,Movies
24,jakefellman,Jake Fellman,Movies,25.7M,45K,2K,17,Movies
25,watchmojo,WatchMojo.com,Movies,25.7M,33.8K,1K,134,Movies
26,natgeo,National Geographic,Movies,24.3M,10.6K,325,16,Movies
27,gh.s,GH'S,Movies,24.2M,1.8M,81.9K,874,Movies
28,ninjakidz,Ninja Kidz TV,Movies,23.3M,30.2K,1.6K,58,Movies
29,aphmau,Aphmau,Movies,23.1M,1.2M,25.1K,3.3K,Movies
30,peetmontzingo,Peet Montzingo,Movies,22.3M,285.5K,0,329,Movies
31,brawlstars,Brawl Stars,Movies,21.9M,10.8M,281K,18.5K,Movies
32,mnet,Mnet K-POP,Music & Dance,21.7M,12.6K,1.1K,54,Movies
33,coryxkenshin,CoryxKenshin,Movies,21.3M,12.4M,662.2K,63K,Movies
34,cookieswirlc,CookieSwirlC,Movies,21.3M,109.6K,2K,463,Movies
35,clashofclans,Clash of Clans,Movies,21.3M,58K,5.8K,215,Movies
36,gordonramsay,Gordon Ramsay,Movies,21.3M,55K,1.2K,98,Movies
37,marvel,Marvel Entertainment,Movies,21.3M,69.3K,4.6K,208,Movies
38,jakepaul,Jake Paul,Movies,20.9M,71.7K,3K,94,Movies
39,ptxofficial,Pentatonix,Music & Dance,20.6M,721.8K,18.5K,736,Movies
40,theodd1sout,TheOdd1sOut,Movies,20.5M,3.4M,342.7K,2.2K,Movies
41,ufc,UFC,Movies,20.1M,66.9K,1.8K,112,Movies
42,react,REACT,Music & Dance,20.1M,137.7K,5.6K,571,Movies
43,jimmykimmellive,Jimmy Kimmel Live,Movies,20.1M,99.6K,3K,164,Movies
44,vevo,Vevo,Music & Dance,20.1M,2K,103,3,Movies
45,pencilmation,Pencilmation,Movies,20.1M,44.6K,405,36,Movies
46,zackdfilms,Zack D. Films,Movies,19.7M,7M,489.6K,3.3K,Movies
47,zutigang,ZutiGang,Movies,19.7M,31.4K,917,5,Movies
48,lego,LEGO,Movies,19.7M,22.1K,574,0,Movies
49,suhaofun,Su Hao,Movies,19.7M,157.1K,2.6K,1,Movies
50,gametheory,The Game Theorists,Movies,19.5M,836K,59K,2K,Movies
1,mrbeast,MrBeast,Video games,366M,128.4M,4.5M,6.4K,Humor
2,dudeperfect,Dude Perfect,Movies,60.9M,2.3M,93.9K,2.6K,Humor
3,theellenshow,TheEllenShow,Movies,38.3M,7.3K,124,10,Humor
4,lucasandmarcus,Lucas and Marcus,Animation,36.7M,504.6K,12.1K,324,Humor
5,ishowspeed,IShowSpeed,Humor,36.3M,3.3M,124.7K,3.6K,Humor
6,sssniperwolf,SSSniperWolf,Movies,35M,814.7K,17.8K,2K,Humor
7,daniellabelle,Daniel LaBelle,Animation,34.6M,779.7K,36.7K,595,Humor
8,fallontonight,The Tonight Show Starring Jimmy Fallon,Movies,32.4M,123K,2.5K,158,Humor
9,royaltyfam,The Royalty Family,Movies,28.8M,3.8M,57.9K,8K,Humor
10,jordanmatter,Jordan Matter,Movies,28.3M,9.4M,105.8K,13K,Humor
11,postmalone,Post Malone,Music & Dance,28M,171.3K,8.4K,283,Humor
12,yellowdressgirlll,Yellow Dress Girl,Movies,27.2M,117.5K,6K,261,Humor
13,danrhodes,Dan Rhodes,Animation,27M,7.9K,323,57,Humor
14,smosh,Smosh,Movies,26.8M,367.2K,30.1K,227,Humor
15,infinite,Infinite,Animation,24.2M,633.9K,32.5K,1.7K,Humor
16,ninja,Ninja,Video games,23.9M,93.2K,2.2K,79,Humor
17,loganpaulvlogs,Logan Paul,Animation,23.7M,884.2K,41.2K,595,Humor
18,6ix9ine,Tekashi 6ix9ine,Music & Dance,22.7M,133.9K,6.1K,364,Humor
19,jakepaul,Jake Paul,Movies,20.9M,71.7K,3K,94,Humor
20,dailydoseofinternet,Daily Dose Of Internet,Animation,19.9M,2.2M,129.6K,1.7K,Humor
21,twinsfromrussiarevega,ÏõÉÏõÉTwinsFromRussia,Animation,19.8M,22.3K,485,4,Humor
22,andrey.grechka,Andrey Grechka,Animation,18.6M,1.1M,27.5K,93,Humor
23,rebeccazamolo,Rebecca Zamolo,Animation,18.1M,3.3M,33.9K,4.9K,Humor
24,caylus,Caylus,Animation,18.1M,690.1K,17.2K,1.3K,Humor
25,themcfivecircus,The McFive Circus,Movies,17.4M,263.3K,3.4K,760,Humor
26,failarmy,FailArmy,Video games,17.4M,455K,7.7K,413,Humor
27,alexarivera,Alexa Rivera,Movies,17.2M,1.2M,17.1K,2.3K,Humor
28,jjolatunji,JJ Olatunji,Movies,16.5M,1.4M,77K,2.2K,Humor
29,jtcasey,JT Casey,Video games,16.4M,109.9K,3.8K,34,Humor
30,jojosim,Jojo Sim,Video games,16.2M,101.4K,3.3K,13,Humor
31,woodyandkleiny,Woody & Kleiny,Video games,15.8M,57.3K,1.4K,25,Humor
32,airrack,Airrack,Movies,15.8M,2M,68.2K,3.5K,Humor
33,meghantrainor,Meghan Trainor,Movies,15.2M,18K,1.6K,33,Humor
34,wildnout,Wild 'N Out,Music & Dance,15.2M,57.3K,2.5K,38,Humor
35,jackdohertyy,Jack Doherty,Movies,15.2M,99.3K,1.3K,195,Humor
36,kwebbelkop,Kwebbelkop,Animation,15.2M,3.6K,82,8,Humor
37,dropout,Dropout,Movies,15M,57.8K,3K,76,Humor
38,jamienyland,Jamie Nyland,Humor,15M,109.2K,5.9K,88,Humor
39,themccartyfam,The McCartys,Animation,14.6M,1.4M,30.6K,61,Humor
40,reactiontime,Reaction Time,Video games,14.6M,7.3K,315,11,Humor
41,savage,Savage Vlogs,Animation,14.4M,676.7K,19.5K,68,Humor
42,joojnatueng,Jooj Natu ENG,Movies,14.4M,212.7K,20K,132,Humor
43,anwar,Anwar Jibawi,Movies,14.2M,640K,49.5K,292,Humor
44,asmrlinastarofficial,AsmrLinastar,Humor,14M,800K,8.2K,458,Humor
45,livespeedy7451,Live Speedy,Movies,13.6M,131.9K,9.2K,136,Humor
46,funnymike225,FunnyMike,Movies,13.4M,544.6K,9.3K,260,Humor
47,vuxvux,VuxVux,Video games,13.4M,292.7K,20.5K,480,Humor
48,jesseandmike,JesseAndMike,Animation,13.4M,31.5K,908,337,Humor
49,dobrebrothers,Dobre Brothers,Humor,13.2M,427.9K,9.6K,563,Humor
50,marrkadams89,marrkadams,Movies,13.2M,917.2K,63.1K,777,Humor
1,zachchoi,Zach Choi ASMR,ASMR,31.8M,94.9K,1.7K,89,Food & Drinks
2,beastphilanthropy,Beast Philanthropy,Food & Drinks,27.6M,2.8M,134.5K,26K,Food & Drinks
3,albert_cancook,albert_cancook,Food & Drinks,25.2M,2.7M,174.9K,1.1K,Food & Drinks
4,nickdigiovanni,Nick DiGiovanni,Food & Drinks,23.9M,4M,111.8K,5.5K,Food & Drinks
5,buzzfeedtasty,Tasty,Food & Drinks,21.5M,28.3K,1.2K,17,Food & Drinks
6,lukedidthat,LukeDidThat,Mystery,20.9M,1.7M,48.7K,676,Food & Drinks
7,dentaldigest,Dental Digest,Food & Drinks,20.7M,771.8K,24.8K,285,Food & Drinks
8,buzzfeedvideo,BuzzFeedVideo,Food & Drinks,19.9M,8.8K,263,11,Food & Drinks
9,goodmythicalmorning,Good Mythical Morning,Food & Drinks,19.1M,649.2K,25.7K,651,Food & Drinks
10,mattstonie,Matt Stonie,Food & Drinks,16.5M,798.2K,23.6K,655,Food & Drinks
11,sulgiyang,ÏÑ§Í∏∞ÏñëSULGI,ASMR,15.2M,477.6K,7.8K,430,Food & Drinks
12,rosannapansino,Rosanna Pansino,Food & Drinks,14.6M,11.6K,1.1K,18,Food & Drinks
13,gongsam_table203,GONGSAM TABLE Ïù¥Í≥µÏÇº,ASMR,13.8M,824.9K,13.9K,335,Food & Drinks
14,lionfield,Lionfield,Food & Drinks,13.2M,3.5M,259.9K,2.4K,Food & Drinks
15,ssoyoung,ÏèòÏòÅ Ssoyoung,ASMR,11.6M,14.8K,1.1K,15,Food & Drinks
16,tzuyang6145,tzuyang,Food & Drinks,11.6M,776.8K,25.5K,656,Food & Drinks
17,dianxixiaoge,Dianxi Xiaoge,Food & Drinks,11.6M,65.6K,6.5K,49,Food & Drinks
18,besteverfoodreviewshow,Best Ever Food Review Show,Food & Drinks,11.2M,1.5M,26.2K,1.6K,Food & Drinks
19,markwiens,Mark Wiens,Food & Drinks,11.2M,743.9K,16.1K,871,Food & Drinks
20,mojaraba,Experienced Mojaraba TV,Food & Drinks,11M,8.5K,202,11,Food & Drinks
21,sarabeautycorner,"SaraBeautyCorner - DIY, Comedy, Makeup, Nail Art",Food & Drinks,10.8M,87K,6.1K,727,Food & Drinks
22,asmrsio,SIO ASMR,ASMR,10.4M,649.6K,5.2K,297,Food & Drinks
23,babishculinaryuniverse,Babish Culinary Universe,Food & Drinks,10.4M,235.6K,9.9K,414,Food & Drinks
24,mrnigelng,mrnigelng,Food & Drinks,10.2M,2.2M,106.9K,1.2K,Food & Drinks
25,joshuaweissman,Joshua Weissman,Food & Drinks,10M,1.1M,44.7K,802,Food & Drinks
26,businessinsider,Business Insider,Food & Drinks,9.9M,15.8K,503,22,Food & Drinks
27,grandpakitchen,Grandpa Kitchen,Food & Drinks,9.5M,440K,3.5K,190,Food & Drinks
28,amyywoahh,Amyy Woahh,Food & Drinks,9.4M,2M,52.5K,369,Food & Drinks
29,bobbyparrish,Bobby Parrish,Food & Drinks,8.8M,209.1K,10.1K,290,Food & Drinks
30,itsqcp,itsQCP,Food & Drinks,8.1M,1.5M,115.1K,590,Food & Drinks
31,kimlizasmr,Kim&Liz ASMR,ASMR,7.8M,84.3K,3.4K,46,Food & Drinks
32,patrickzeinali,Patrick Zeinali,Food & Drinks,7.7M,292.1K,12.3K,225,Food & Drinks
33,maxthemeatguy,Max the Meat Guy,Food & Drinks,7.2M,1.3M,77.1K,614,Food & Drinks
34,idubbbztv,iDubbbzTV,Food & Drinks,7.1M,148.5K,6.9K,697,Food & Drinks
35,drewme2jesus0,DrewMe2Jesus,Food & Drinks,7M,34.8K,1.4K,75,Food & Drinks
36,bonappetit,Bon App√©tit,Food & Drinks,6.8M,329.6K,6.5K,201,Food & Drinks
37,miladmirg,Milad Mirg,Food & Drinks,6.8M,51.7K,1.9K,70,Food & Drinks
38,chefrush,Chef Rush,Food & Drinks,6.8M,88.7K,7.4K,152,Food & Drinks
39,paik_jongwon,Î∞±Ï¢ÖÏõê PAIK JONG WON,Food & Drinks,6.7M,308.2K,2.9K,3.7K,Food & Drinks
40,maangchi,Maangchi,Food & Drinks,6.5M,29.5K,2.3K,40,Food & Drinks
41,wildernesscooking,WILDERNESS COOKING,Food & Drinks,6.4M,96.6K,5.2K,258,Food & Drinks
42,tinycakesofficial,Tiny Cakes,Food & Drinks,6.3M,6.6K,83,31,Food & Drinks
43,merrelltwins,merrelltwins,Food & Drinks,6.2M,86.3K,6.5K,50,Food & Drinks
44,koreanenglishman,ÏòÅÍµ≠ÎÇ®Ïûê Korean Englishman,Food & Drinks,6.1M,36.6K,1.7K,16,Food & Drinks
45,jamieoliver,Jamie Oliver,Food & Drinks,6M,23.4K,864,34,Food & Drinks
46,cocinemosjuntos,Cocinemosjuntos.com,Food & Drinks,6M,26.7K,976,161,Food & Drinks
47,thefoodranger,The Food Ranger,Food & Drinks,5.9M,98.6K,2.9K,345,Food & Drinks
48,trendytreats,Trendy Treats,Food & Drinks,5.9M,418.6K,12.6K,36,Food & Drinks
49,kyleistook,Kyle Istook,Food & Drinks,5.8M,263.3K,14.5K,169,Food & Drinks
50,goldengully,GoldenGully,Food & Drinks,5.8M,248.4K,13.1K,242,Food & Drinks
1,chloeting,Chloe Ting,Fitness,25.7M,82.7K,2.9K,115,Health & Self Help
2,dharmann,Dhar Mann Studios,Health & Self Help,24.5M,2.3M,39.9K,2.2K,Health & Self Help
3,buzzfeedtasty,Tasty,Food & Drinks,21.5M,28.3K,1.2K,17,Health & Self Help
4,athleanx,ATHLEAN-X‚Ñ¢,Fitness,14M,169.3K,8.3K,183,Health & Self Help
5,doctormike,Doctor Mike,Health & Self Help,13.4M,440.5K,18.9K,1.1K,Health & Self Help
6,drberg,Dr. Eric Berg DC,Health & Self Help,13.2M,303.7K,23.8K,866,Health & Self Help
7,psych2go,Psych2Go,Health & Self Help,12.6M,43.2K,3.5K,281,Health & Self Help
8,tzuyang6145,tzuyang,Food & Drinks,11.6M,798.3K,26.7K,709,Health & Self Help
9,mojaraba,Experienced Mojaraba TV,Food & Drinks,11M,8.6K,204,11,Health & Self Help
10,asapscience,AsapSCIENCE,Science & Technology,10.8M,95.5K,6.8K,457,Health & Self Help
11,madfit,MadFit,Fitness,10.2M,35.1K,2.3K,23,Health & Self Help
12,motivationaldoc,motivationaldoc,Health & Self Help,9.7M,38.1K,4.7K,96,Health & Self Help
13,howcast,Howcast,Health & Self Help,9.3M,1.9K,74,4,Health & Self Help
14,bobbyparrish,Bobby Parrish,Food & Drinks,8.8M,209.1K,10.1K,290,Health & Self Help
15,theanatomylab,Institute of Human Anatomy,Science & Technology,8.3M,32.7K,3.4K,37,Health & Self Help
16,officialthenxstudios,THENX,Fitness,7.8M,92K,3.9K,283,Health & Self Help
17,thewizardliz,Thewizardliz,Health & Self Help,7.6M,270.2K,38.5K,1.5K,Health & Self Help
18,joseczuniga,Teachingmensfashion,Health & Self Help,7.3M,101.3K,6K,235,Health & Self Help
19,emiwong,emi wong,Fitness,7.1M,3K,185,5,Health & Self Help
20,noeldeyzel,Noel Deyzel,Fitness,7.1M,648.4K,47.2K,619,Health & Self Help
21,jeremyethier,Jeremy Ethier,Fitness,7M,278.7K,18.6K,636,Health & Self Help
22,growwithjo,growwithjo,Fitness,7M,141.7K,7.9K,99,Health & Self Help
23,hubermanlab,Andrew Huberman,Science & Technology,6.6M,112.2K,2.7K,212,Health & Self Help
24,fitnessblender,FitnessBlender,Fitness,6.6M,2.5K,126,2,Health & Self Help
25,goharsguide,Gohar Khan,Health & Self Help,6.3M,243.7K,15.3K,390,Health & Self Help
26,aliabdaal,Ali Abdaal,Health & Self Help,6.2M,148.2K,5K,201,Health & Self Help
27,bodybuildingcom,Bodybuilding.com,Fitness,6.1M,5.7K,182,6,Health & Self Help
28,cocinemosjuntos,Cocinemosjuntos.com,Food & Drinks,6M,23.8K,907,162,Health & Self Help
29,gravitytransformation,Gravity Transformation - Fat Loss Experts,Health & Self Help,6M,21.4K,1.5K,56,Health & Self Help
30,doctoryoun,Doctor Youn,Health & Self Help,5.4M,23.6K,1.4K,58,Health & Self Help
31,bobandbrad,Bob & Brad,Fitness,5.2M,11.2K,787,31,Health & Self Help
32,essenrecipes,Essen Recipes,Food & Drinks,5.2M,366.3K,3.2K,232,Health & Self Help
33,preppykitchen,Preppy Kitchen,Food & Drinks,5.2M,62K,3.7K,77,Health & Self Help
34,chrisheria,CHRIS HERIA,Fitness,5.2M,160.9K,8.6K,333,Health & Self Help
35,drekberg,Dr. Sten Ekberg,Health & Self Help,4.9M,121.7K,8.2K,524,Health & Self Help
36,alexistejada,Alexis Tejada,Health & Self Help,4.8M,6.6K,409,26,Health & Self Help
37,lifebymikeg,LifebyMikeG,Food & Drinks,4.8M,396.4K,12.3K,409,Health & Self Help
38,bestiehealth,Bestie Health,Health & Self Help,4.7M,4.6K,230,8,Health & Self Help
39,foodwishes,Food Wishes,Food & Drinks,4.6M,72.9K,4.6K,201,Health & Self Help
40,motivation2study,Motivation2Study,Health & Self Help,4.6M,5.2K,423,7,Health & Self Help
41,recipesforyou.official,RECIPES FOR YOU,Health & Self Help,4.5M,36.7K,889,33,Health & Self Help
42,browneyshorts,Stan Browney,Fitness,4.5M,270.5K,6.4K,302,Health & Self Help
43,recetasymastv,Recetas y M√°s TV,Food & Drinks,4.5M,18.6K,1.3K,80,Health & Self Help
44,demiranchoatucocina,De mi Rancho a Tu Cocina,Food & Drinks,4.5M,173.2K,3.3K,83,Health & Self Help
45,pickuplimes,Pick Up Limes,Health & Self Help,4.4M,166.1K,10.4K,86,Health & Self Help
46,hybridcalisthenics,Hybrid Calisthenics,Fitness,4.4M,60.5K,5.1K,100,Health & Self Help
47,melissametrano,Melissa Metrano,Health & Self Help,4.3M,357.9K,24.1K,139,Health & Self Help
48,breatheandflow,Breathe and Flow,Fitness,4.3M,2.7K,0,4,Health & Self Help
49,quynhtranjpfamilycuocsongonhat,Quynh Tran JP & Family - Cu·ªôc s·ªëng ·ªü Nh·∫≠t,Health & Self Help,4.2M,171.8K,4.2K,307,Health & Self Help
50,registerednursern,RegisteredNurseRN,Health & Self Help,4.1M,8.6K,317,11,Health & Self Help
1,abcnews,ABC News,News & Politics,18.3M,15.7K,217,83,News & Politics
2,cnn,CNN,News & Politics,17.7M,44.6K,865,364,News & Politics
3,bbcnews,BBC News,News & Politics,17.4M,54.7K,738,447,News & Politics
4,aljazeeraenglish,Al Jazeera English,News & Politics,15.3M,12.5K,426,76,News & Politics
5,foxnews,Fox News,News & Politics,13.2M,90K,3.8K,665,News & Politics
6,nasa,NASA,Science & Technology,12.2M,51.2K,1.8K,0,News & Politics
7,thedailyshow,The Daily Show,News & Politics,12.2M,263K,14.5K,555,News & Politics
8,nbcnews,NBC News,News & Politics,11M,15.1K,199,77,News & Politics
9,lawbymike,Law By Mike,News & Politics,11M,18.4M,1.3M,4.9K,News & Politics
10,univisionnoticias,Univision Noticias,News & Politics,9.9M,16.9K,196,34,News & Politics
11,lastweektonight,LastWeekTonight,News & Politics,9.7M,370.2K,16.1K,1.3K,News & Politics
12,wion,WION,News & Politics,9.5M,1.5K,28,2,News & Politics
13,vicenews,VICE News,News & Politics,9.2M,1.5M,20.8K,281,News & Politics
14,youtubecreators,YouTube Creators,News & Politics,8.7M,17.5K,1.9K,450,News & Politics
15,thethings,TheThings Celebrity,News & Politics,8.4M,1.3K,25,2,News & Politics
16,noticias,Noticias Telemundo,News & Politics,8.4M,10.6K,111,17,News & Politics
17,msnbc,MSNBC,News & Politics,7.9M,53K,1.1K,621,News & Politics
18,reallifelore,RealLifeLore,News & Politics,7.7M,746.6K,25.6K,2.9K,News & Politics
19,usatoday,USA TODAY,News & Politics,7.3M,3.1K,69,8,News & Politics
20,benshapiro,Ben Shapiro,News & Politics,7.2M,109.7K,7.3K,457,News & Politics
21,lawandcrime,Law&Crime Network,News & Politics,6.7M,77.9K,1.4K,346,News & Politics
22,philipdefranco,Philip DeFranco,News & Politics,6.6M,675.6K,27.2K,3.2K,News & Politics
23,johnnyharris,Johnny Harris,News & Politics,6.5M,915.1K,43.8K,1.7K,News & Politics
24,cbsnews,CBS News,News & Politics,6.4M,6.7K,94,40,News & Politics
25,rickyberwick,Ricky Berwick,News & Politics,6.2M,21.1K,1.1K,73,News & Politics
26,thesun,The Sun,News & Politics,6.1M,21.7K,305,126,News & Politics
27,theyoungturks,The Young Turks,News & Politics,6.1M,35.8K,1.1K,619,News & Politics
28,wsj,The Wall Street Journal,News & Politics,6M,223.8K,3.5K,679,News & Politics
29,dwdocumentary,DW Documentary,News & Politics,6M,25.7K,731,80,News & Politics
30,telegraph,The Telegraph,News & Politics,5.9M,22.3K,273,129,News & Politics
31,stevencrowder,StevenCrowder,News & Politics,5.7M,147.5K,6.9K,567,News & Politics
32,breakfastclubpower1051fm,Breakfast Club Power 105.1 FM,News & Politics,5.7M,126.8K,2.5K,774,News & Politics
33,dwnews,DW News,News & Politics,5.6M,19.4K,302,124,News & Politics
34,alrojovivo,Al Rojo Vivo,News & Politics,5.5M,2.1K,38,2,News & Politics
35,skynewsaustralia,Sky News Australia,News & Politics,5.3M,2K,83,55,News & Politics
36,cleoabram,Cleo Abram,News & Politics,5.2M,2.2M,163.8K,2.1K,News & Politics
37,gma,Good Morning America,News & Politics,5.2M,1.9K,39,3,News & Politics
38,tnawrestling,TNA Wrestling,News & Politics,5.1M,37.6K,1.1K,105,News & Politics
39,cnnee,CNN en Espa√±ol,News & Politics,5.1M,4.1K,126,8,News & Politics
40,coldfusion,ColdFusion,News & Politics,5M,531.4K,19.2K,1.7K,News & Politics
41,grahamstephan,Graham Stephan,News & Politics,5M,397.3K,16.1K,337,News & Politics
42,ytnnews24,YTN,News & Politics,4.9M,4.7K,49,7,News & Politics
43,Ïù¥Ïö©Ïõê,"Yi, Yong Won",Science & Technology,4.8M,583,36,6,News & Politics
44,marktilbury,Mark Tilbury,News & Politics,4.8M,1.5M,93.3K,691,News & Politics
45,wendoverproductions,Wendover Productions,News & Politics,4.7M,950.1K,26K,1.4K,News & Politics
46,careervidz,CareerVidz,News & Politics,4.7M,4.3K,168,10,News & Politics
47,today,TODAY,News & Politics,4.7M,4.1K,48,4,News & Politics
48,tmz,TMZ,News & Politics,4.7M,4.6K,135,19,News & Politics
49,nytimes,The New York Times,News & Politics,4.6M,7K,375,45,News & Politics
50,espnfc,ESPN FC,Sports,4.5M,15.8K,383,52,News & Politics
1,blackpink,BLACKPINK,Music & Dance,96.1M,2M,272.2K,23.5K,Music & Dance
2,edsheeran,Ed Sheeran,Music & Dance,55.9M,493.4K,45.5K,381,Music & Dance
3,billieeilish,Billie Eilish,Music & Dance,54.9M,1M,63.5K,3.7K,Music & Dance
4,shakira,Shakira,Music & Dance,47.8M,141.7K,11.7K,607,Music & Dance
5,alanwalkermusic,Alan Walker,Music & Dance,46.6M,75.8K,2.6K,225,Music & Dance
6,jasonderulo,Jason Derulo,Music & Dance,41.1M,25.7K,841,9,Music & Dance
7,leonatafamily,LeoNata Family,Music & Dance,40.5M,513.3K,8K,13,Music & Dance
8,dednahype,dednahype,Music & Dance,38.8M,429.1K,6.8K,9,Music & Dance
9,ozuna,Ozuna,Music & Dance,37.4M,14.2K,1.4K,53,Music & Dance
10,theweeknd,The Weeknd,Music & Dance,37.3M,1.4M,48.2K,1.9K,Music & Dance
11,disneymusicvevo,DisneyMusicVEVO,Music & Dance,36.7M,7.2K,244,11,Music & Dance
12,sagawa,Sagawa /„Åï„Åå„Çè,Music & Dance,35.9M,318.9K,8K,55,Music & Dance
13,mrdegreeofficial,Mr DegrEE,Music & Dance,35.7M,1M,25.1K,44,Music & Dance
14,selenagomez,Selena Gomez,Music & Dance,35M,1.6M,92.5K,4.6K,Music & Dance
15,nocopyrightsounds,NoCopyrightSounds,Music & Dance,34M,92.3K,3.7K,410,Music & Dance
16,smtown,SMTOWN,Music & Dance,33M,115.5K,11.3K,415,Music & Dance
17,imaginedragons,ImagineDragons,Music & Dance,32.5M,29.3K,2.1K,67,Music & Dance
18,spinninrecords,Spinnin' Records,Music & Dance,31.6M,6.3K,276,5,Music & Dance
19,drakeofficial,Drake,Music & Dance,30.6M,1.2M,55.6K,9.7K,Music & Dance
20,trapnation,Trap Nation,Music & Dance,30.4M,30.5K,969,38,Music & Dance
21,agt,America's Got Talent,Music & Dance,30.2M,117.3K,1.8K,42,Music & Dance
22,wizkhalifa,Wiz Khalifa,Music & Dance,29.2M,255.4K,15.8K,1.1K,Music & Dance
23,postmalone,Post Malone,Music & Dance,28M,171.3K,8.4K,283,Music & Dance
24,worldstarhiphop,WORLDSTARHIPHOP,Music & Dance,27.2M,39K,1.3K,117,Music & Dance
25,ladygaga,Lady Gaga,Music & Dance,26.9M,491.7K,53.7K,742,Music & Dance
26,sia,Sia,Music & Dance,24M,73K,5.7K,460,Music & Dance
27,thexoteam,XO TEAM,Music & Dance,23.3M,73.7K,3.5K,21,Music & Dance
28,linkinpark,Linkin Park,Music & Dance,23.3M,131K,10.3K,224,Music & Dance
29,thechainsmokers,The Chainsmokers,Music & Dance,22.9M,52.6K,2.8K,141,Music & Dance
30,nba,NBA,Music & Dance,22.7M,31.1K,1.2K,44,Music & Dance
31,6ix9ine,Tekashi 6ix9ine,Music & Dance,22.7M,133.9K,6.1K,364,Music & Dance
32,mnet,Mnet K-POP,Music & Dance,21.7M,12.6K,1.1K,54,Music & Dance
33,avicii,Avicii,Music & Dance,21.3M,128.2K,8.7K,714,Music & Dance
34,matt.larose,Matt Larose,Music & Dance,21.1M,221.1K,16.8K,106,Music & Dance
35,fcbarcelona,FC Barcelona,Music & Dance,20.7M,177.3K,14.5K,183,Music & Dance
36,ptxofficial,Pentatonix,Music & Dance,20.6M,721.8K,18.5K,736,Music & Dance
37,react,REACT,Music & Dance,20.1M,137.7K,5.6K,571,Music & Dance
38,vevo,Vevo,Music & Dance,20.1M,2K,103,3,Music & Dance
39,anhcucai,Anh C·ªß C·∫£i,Music & Dance,19.4M,61.2K,1.1K,0,Music & Dance
40,straykids,Stray Kids,Music & Dance,19.3M,668K,119.1K,2.9K,Music & Dance
41,queen,Queen Official,Music & Dance,18.3M,42.2K,4.4K,123,Music & Dance
42,pitbull,Pitbull,Music & Dance,17.2M,9.3K,779,40,Music & Dance
43,camilacabello,Camila Cabello,Music & Dance,16.8M,34.6K,5.1K,214,Music & Dance
44,samsmith,SAM SMITH,Music & Dance,16.8M,20.1K,2.3K,62,Music & Dance
45,adhemz,Adhemz,Music & Dance,16.8M,74K,4.3K,33,Music & Dance
46,dopelyrics,DopeLyrics,Music & Dance,15.8M,2.8K,63,6,Music & Dance
47,mattybraps,MattyBRaps,Music & Dance,15.4M,68.3K,387,0,Music & Dance
48,73_tricking,Xander 73,Music & Dance,15.4M,63K,449,16,Music & Dance
49,wildnout,Wild 'N Out,Music & Dance,15.2M,58.9K,2.4K,38,Music & Dance
50,erb,ERB,Music & Dance,15M,1.2M,98.4K,9.1K,Music & Dance
1,lukedidthat,LukeDidThat,Mystery,20.9M,1.7M,48.7K,676,Mystery
2,mrballen,MrBallen,Mystery,9.8M,1.2M,61.7K,4K,Mystery
3,grav3yardgirl,grav3yardgirl,Mystery,8.6M,35.3K,1.9K,129,Mystery
4,explorewithus,EXPLORE WITH US,Mystery,6.1M,2.9M,60.9K,12K,Mystery
5,matthewsantoro,Matthew Santoro,Mystery,6M,29.7K,1.9K,90,Mystery
6,manplusriver,Man + River,Mystery,5.6M,879.1K,59.9K,182,Mystery
7,top5best,Top 5 Best,Mystery,5.5M,3.4K,72,7,Mystery
8,morespizee,Spizee 2,Food & Drinks,4.8M,150.2K,2.5K,92,Mystery
9,exploringwithjosh,Exploring With Josh,Mystery,4.6M,155.9K,6.5K,316,Mystery
10,yemangos-3k,Yemangos,Toys,4.1M,31.4K,407,1,Mystery
11,originsexplained,Origins Explained,Mystery,3.9M,31.9K,866,46,Mystery
12,jessiivee,Jessii Vee,Toys,3.7M,95.6K,8.1K,657,Mystery
13,lionofjudahmotivation,Lion of Judah,Mystery,3.5M,20.8K,1.6K,219,Mystery
14,slappedham,Slapped Ham,Mystery,3.5M,300.2K,12.1K,995,Mystery
15,adventureswithpurpose,Adventures With Purpose,Mystery,3.4M,208.2K,9.9K,532,Mystery
16,carlcrusher,Carl Crusher,Mystery,3.1M,6.8K,436,50,Mystery
17,slavsadventures,SLAV's ADVENTURES,Mystery,3M,22.2K,428,17,Mystery
18,taylanmichael,Taylan Michael,Mystery,3M,1.2K,18,1,Mystery
19,mindboggler,Mind Boggler,Mystery,2.9M,4.1K,79,6,Mystery
20,paulnthoba,Paul Nthoba,Mystery,2.9M,10K,1.1K,193,Mystery
21,thefancybanana1,The Fancy Banana,Mystery,2.8M,18.4K,814,14,Mystery
22,monstermikefishing,Monster Mike Fishing,Mystery,2.8M,3.1K,110,7,Mystery
23,mystlc7,MYSTIC7,Mystery,2.8M,103.4K,3.9K,194,Mystery
24,idksterling,IdkSterling,Mystery,2.8M,279.5K,22.7K,565,Mystery
25,mrballenshorts,MrBallen Shorts,Mystery,2.7M,36.6K,4.7K,72,Mystery
26,bassfishingproductions,Bass fishing Productions,Mystery,2.7M,2.9M,37.8K,4.8K,Mystery
27,top10speed,Top10Speed,Mystery,2.7M,4.2K,155,84,Mystery
28,scambaiter,Scambaiter,Mystery,2.6M,5.2M,124.9K,5.7K,Mystery
29,warleaker,WarLeaks - Military Blog,Mystery,2.6M,56.3K,3.5K,32,Mystery
30,bellafiori,Bella Fiori,Mystery,2.6M,307.9K,10.8K,465,Mystery
31,factfileoffical,FactFile,Mystery,2.4M,4.7K,105,12,Mystery
32,miniminuteman773,Miniminuteman,Mystery,2.4M,726.4K,124.3K,3.6K,Mystery
33,alternatehistoryhub,AlternateHistoryHub,Mystery,2.4M,528.4K,25.6K,2.7K,Mystery
34,talltanicnetwork,Talltanic,Mystery,2.3M,2.3K,48,7,Mystery
35,snarled,SNARLED,ASMR,2.3M,2.3K,190,8,Mystery
36,rivermonsters,River Monsters‚Ñ¢,Mystery,2.2M,63.2K,1.1K,60,Mystery
37,realpraveenmohan,PraveenMohan,Mystery,2.2M,63.8K,3.4K,66,Mystery
38,top5unknowns,Top 5 Unknowns,ASMR,2.1M,29.9K,790,57,Mystery
39,coffeehousecrime,Coffeehouse Crime,Mystery,2.1M,368.2K,19.1K,1.5K,Mystery
40,askamortician,Caitlin Doughty,Mystery,2.1M,548.4K,55.4K,3.8K,Mystery
41,gracedigitalnetwork,Grace Digital Network,Mystery,2M,10.1K,397,68,Mystery
42,unexplainedmysteriesofficial,Unexplained Mysteries,Mystery,2M,19K,1K,92,Mystery
43,chillingscares,Chilling Scares,Mystery,1.9M,1.2M,36.3K,2.5K,Mystery
44,realbreakingnate,RealBreakingNate,Mystery,1.9M,80K,2.8K,303,Mystery
45,nerdecrafter,NerdECrafter,Toys,1.9M,8.7K,1K,12,Mystery
46,realwild,Real Wild,Mystery,1.8M,6K,153,9,Mystery
47,thegreatwar,The Great War,Mystery,1.8M,130.9K,4.8K,323,Mystery
48,historymatters,History Matters,Mystery,1.8M,464K,29.9K,1K,Mystery
49,koreanheritage,Íµ≠Í∞ÄÏú†ÏÇ∞Ï±ÑÎÑê(K-Heritage Channel),Mystery,1.7M,8.1K,277,10,Mystery
50,trilogymedia,Trilogy Media,Humor,1.6M,147.2K,7.7K,1.1K,Mystery
1,vsauce,Vsauce,Science & Technology,23.7M,362.9K,32K,1.3K,Science & Technology
2,teded,TED-Ed,Science & Technology,21.1M,179.6K,7.7K,470,Science & Technology
3,itsdrryan,Dr Ryan,DIY & Life Hacks,19.5M,209.5K,7.6K,205,Science & Technology
4,veritasium,Veritasium,Science & Technology,17.4M,6.8M,202.3K,7.9K,Science & Technology
5,crashcourse,CrashCourse,Science & Technology,16.2M,75.9K,4.8K,52,Science & Technology
6,vox,Vox,Science & Technology,12.6M,285.6K,15.3K,205,Science & Technology
7,nasa,NASA,Science & Technology,12.2M,51.2K,1.8K,0,Science & Technology
8,smartereveryday,SmarterEveryDay,Science & Technology,11.6M,1.9M,78.6K,5.8K,Science & Technology
9,primitivetechnology9550,Primitive Technology,Science & Technology,11M,1.5M,67.4K,3.6K,Science & Technology
10,asapscience,AsapSCIENCE,Science & Technology,10.8M,95.5K,6.8K,457,Science & Technology
11,beinspiredchannel,Be Inspired,Science & Technology,9.1M,26K,1.5K,169,Science & Technology
12,khanacademy,Khan Academy,Science & Technology,8.8M,2.4K,76,0,Science & Technology
13,jordanbpeterson,Jordan B Peterson,Science & Technology,8.6M,107.1K,6.1K,285,Science & Technology
14,nilered,NileRed,DIY & Life Hacks,8.4M,4.2M,334.2K,3.2K,Science & Technology
15,theanatomylab,Institute of Human Anatomy,Science & Technology,8.3M,32.7K,3.4K,37,Science & Technology
16,electroboom,ElectroBOOM,Science & Technology,8.2M,204K,14.8K,203,Science & Technology
17,scishow,SciShow,Science & Technology,8.1M,188K,8.8K,735,Science & Technology
18,bigthink,Big Think,Science & Technology,7.7M,18.8K,983,49,Science & Technology
19,3blue1brown,3Blue1Brown,Science & Technology,7M,364.7K,23.4K,342,Science & Technology
20,hubermanlab,Andrew Huberman,Science & Technology,6.6M,112.2K,2.7K,212,Science & Technology
21,gravitytransformation,Gravity Transformation - Fat Loss Experts,Health & Self Help,6M,21.4K,1.5K,56,Science & Technology
22,mitocw,MIT OpenCourseWare,Science & Technology,5.6M,782,11,0,Science & Technology
23,besmart,Be Smart,Science & Technology,5.3M,403.5K,27.3K,620,Science & Technology
24,sciencechannel,Science Channel,Science & Technology,5.1M,16.4K,453,12,Science & Technology
25,theactionlab,The Action Lab,Science & Technology,4.9M,413.7K,14.6K,801,Science & Technology
26,Ïù¥Ïö©Ïõê,"Yi, Yong Won",Science & Technology,4.8M,583,36,6,Science & Technology
27,tech___zone,TechZone,Science & Technology,4.7M,36.5K,866,22,Science & Technology
28,lexfridman,Lex Fridman,Science & Technology,4.6M,1.5M,20.1K,3.3K,Science & Technology
29,networkchuck,NetworkChuck,Science & Technology,4.5M,273.6K,10.5K,673,Science & Technology
30,programmingwithmosh,Programming with Mosh,Science & Technology,4.4M,61.2K,2.6K,183,Science & Technology
31,actionlabshorts,Action Lab Shorts,Science & Technology,4.3M,3M,176.4K,1.3K,Science & Technology
32,practicalengineeringchannel,Practical Engineering,Science & Technology,4.2M,687.6K,33.2K,1.9K,Science & Technology
33,web5ngay,Web5ngay,Science & Technology,4.2M,71.8K,3K,244,Science & Technology
34,soisangbrightsidevietnamese,Soi S√°ng,Science & Technology,4.1M,5.8K,54,3,Science & Technology
35,thomasdelauerofficial,Thomas DeLauer,Health & Self Help,3.8M,46K,2.3K,199,Science & Technology
36,improvementpill,Improvement Pill,Science & Technology,3.7M,11.1K,576,49,Science & Technology
37,professordaveexplains,Professor Dave Explains,Science & Technology,3.6M,10.1K,485,66,Science & Technology
38,videoadvice,Video Advice,Science & Technology,3.6M,716.1K,21.4K,3.1K,Science & Technology
39,tamuphysastr,TAMU Physics & Astronomy,Science & Technology,3.6M,25.6K,2.3K,45,Science & Technology
40,syukaworld,ÏäàÏπ¥ÏõîÎìú,Science & Technology,3.5M,772K,9K,1.4K,Science & Technology
41,osmosis,Osmosis from Elsevier,Health & Self Help,3.4M,2.6K,95,4,Science & Technology
42,physicsgirl,Physics Girl,Science & Technology,3.4M,213.1K,23.2K,444,Science & Technology
43,stevemould,Steve Mould,Science & Technology,3.3M,163.5K,7.1K,164,Science & Technology
44,pbsspacetime,PBS Space Time,Science & Technology,3.3M,903.8K,92.1K,13K,Science & Technology
45,lifenoggin,Life Noggin,Science & Technology,3.2M,8.7K,676,65,Science & Technology
46,chubbyemu,Chubbyemu,Health & Self Help,3.1M,789.3K,39K,3.7K,Science & Technology
47,thiojoe,ThioJoe,Science & Technology,3.1M,42.5K,3.6K,277,Science & Technology
48,minuteearth,MinuteEarth,Science & Technology,3.1M,355.2K,39.9K,412,Science & Technology
49,eons,PBS Eons,Science & Technology,3.1M,63.4K,4K,127,Science & Technology
50,channela-news,Channel A News (Korea),News & Politics,3M,7.9K,202,54,Science & Technology
1,englishwithlucy,English with Lucy,Education,12M,123.1K,7K,331,Show
2,linguamarina,linguamarina,Show,8.7M,24.1K,1.1K,75,Show
3,englishclass101,Learn English with EnglishClass101.com,Show,8.3M,4.7K,265,6,Show
4,speakenglishwithvanessa,Speak English With Vanessa,Show,6.5M,99.8K,3.6K,165,Show
5,rachelsenglish,Rachel's English,Show,5.8M,8.4K,480,26,Show
6,japanesepod101,Learn Japanese with JapanesePod101.com,Toys,3.7M,6.6K,158,5,Show
7,seemile,seemile Korean,Show,1.7M,511,32,0,Show
8,livinglchaim,Living Lchaim,Show,1.6M,54K,4.2K,228,Show
9,brettintech,Brett In Tech,Show,1.4M,18.6K,1.1K,30,Show
10,frenchpod101,Learn French with FrenchPod101.com,Toys,1.3M,787,26,1,Show
11,englishwithjennifer,English with Jennifer,Show,1.3M,1.6K,152,13,Show
12,digitaltrends,Digital Trends,Show,1.3M,79.7K,2.4K,217,Show
13,interactiveeng,Interactive English,Show,1.1M,21.2K,1.7K,101,Show
14,speakconfidentenglish,Speak Confident English,Show,893.1K,6.1K,415,11,Show
15,docsquiffy,Doc Squiffy,Show,651.4K,5K,257,17,Show
16,isuckatdriving,IsuckAtDriving,Autos & Vehicles,550K,20.7K,840,89,Show
17,johnny2cellos,Johnny 2 Cellos,Show,528.1K,236.7K,11.1K,618,Show
18,creflodollar1,Creflo Dollar Ministries,Show,484.5K,5.9K,444,54,Show
19,techdoctoruk,TechDoctorUK,News & Politics,461.5K,18.5K,584,61,Show
20,arielfitzpatrick,Ariel Fitz,Humor,414.5K,108.4K,21K,341,Show
21,holaspanish,Hola Spanish,Autos & Vehicles,399.5K,9.6K,905,77,Show
22,granturismotv,GRAN TURISMO TV,Autos & Vehicles,376.4K,176.6K,4.3K,899,Show
23,firetvsticks,FireTVSticks,Show,360K,20.9K,506,48,Show
24,triple_m,Triple M,Show,328.5K,5.1K,186,15,Show
25,gracemandarinchinese,Grace Mandarin Chinese,Autos & Vehicles,302.5K,24.3K,1.7K,227,Show
26,ourkindofentertainment,Our Kind of Entertainment,News & Politics,289.6K,858,53,7,Show
27,alanalducin,Alan Alducin,Travel,276.4K,2.2K,229,13,Show
28,tonibryannetv,Toni Bryanne TV,Show,274.5K,99.1K,4.6K,546,Show
29,streamlabs,Streamlabs,Show,270.4K,1.2K,46,15,Show
30,redstonetv,RED STONE,Science & Technology,268.5K,7.2K,574,49,Show
31,yiminchinese,Yimin ChineseËâ∫Êïè‰∏≠Êñá,Show,265.5K,3.7K,320,36,Show
32,nascaronfox,NASCAR on FOX,Autos & Vehicles,243K,9.2K,510,25,Show
33,ritakaminski,Rita Kaminski,Show,236.5K,3.1K,292,16,Show
34,amandabb,amandabb,Show,236.5K,2.1K,320,11,Show
35,learnspanishlearnspanish,Learn Spanish,Show,230.5K,7.4K,359,14,Show
36,otakuden,Otaku Den,Show,226.5K,11.3K,666,53,Show
37,english_with_aga,English with Aga,Show,226.5K,7.6K,708,31,Show
38,spanishwithpaul,Spanish With Paul,Show,223.5K,2.9K,307,8,Show
39,ashleysaysso20,Ashley SaysSo,Show,219.5K,44.9K,4.2K,386,Show
40,spoilertv,SpoilerTV,Show,193.5K,393.5,6,0,Show
41,qroospanish,Spanish With Qroo Paul,Show,192.6K,15.1K,929,68,Show
42,robertbreedlove22,Robert Breedlove,News & Politics,189.5K,3K,171,13,Show
43,rodneyhowardbrowne,Rodney Howard-Browne,Show,188.6K,3.9K,215,0,Show
44,stokedonfishing,StokedOnFishing,Show,183.4K,14.5K,101,20,Show
45,newyorkgirlstv,New York Girls Tv,Humor,182.6K,679,28,0,Show
46,fluentuspanish,FluentU Spanish,Show,181.1K,2.5K,148,7,Show
47,9eplc,9EPIC,Show,178.1K,9.5K,442,8,Show
48,squiffyslots,Squiffy Slots,Show,163.6K,420,9,2,Show
49,speechmodification,SpeechModification,Show,161.5K,1K,87,12,Show
50,elyssedavega,elysse daVega,Show,160.5K,4.4K,209,16,Show
1,celinedept,Celine Dept,Sports,44M,5M,188.2K,608,Sports
2,ishowspeed,IShowSpeed,Humor,36.3M,3M,92.4K,3.1K,Sports
3,howridiculous,How Ridiculous,Sports,23.5M,488.6K,17.9K,200,Sports
4,fifa,FIFA,Sports,23.1M,65.9K,1.5K,54,Sports
5,redbull,Red Bull,Sports,21.9M,896.1K,44.6K,315,Sports
6,houseofhighlights,House of Highlights,Sports,16.9M,45K,1.4K,74,Sports
7,nfl,NFL,Sports,14.4M,23.5K,902,49,Sports
8,espn,ESPN,Sports,13.4M,21.7K,581,42,Sports
9,jeremylynch,Jeremy Lynch,Sports,13M,91.2K,7.2K,115,Sports
10,gopro,GoPro,Sports,11.2M,15.5K,674,14,Sports
11,tuvok,Tuvok12,Sports,9.7M,15.5K,803,41,Sports
12,jeffreybui,Jeffrey Bui,Sports,9.2M,176.8K,2.6K,97,Sports
13,professorlive,Professor Live,Sports,8.5M,155.6K,6.7K,65,Sports
14,hickok45,hickok45,Sports,8M,59.9K,4.1K,296,Sports
15,gdshighlights,GD's Highlights,Sports,7.6M,380.1K,30K,261,Sports
16,complex,Complex,Sports,6.7M,10.1K,533,10,Sports
17,deestroying,Deestroying,Sports,6.2M,91.6K,4.8K,82,Sports
18,mlb,MLB,Sports,6M,26.5K,1.2K,37,Sports
19,football,Life Football,Sports,6M,58.5K,2.6K,23,Sports
20,tricksterstrickshots,Tricksters,Sports,5.7M,647.4K,15.2K,50,Sports
21,bundesliga,Bundesliga,Sports,5.2M,25.5K,883,26,Sports
22,chrissmoove,Chris Smoove,Sports,5.1M,37.3K,2.1K,91,Sports
23,flightreacts,FlightReacts,Sports,4.9M,320.8K,14K,999,Sports
24,houstonjones,Houston Jones,Sports,4.9M,66.2K,3.5K,47,Sports
25,nbcsports,NBC Sports,Sports,4.8M,3.9K,54,9,Sports
26,notyouraverageflight,NotYourAverageFlight,Sports,4.8M,141.3K,5.3K,335,Sports
27,daznboxing,DAZN Boxing,Sports,4.6M,12.1K,343,33,Sports
28,espnfc,ESPN FC,Sports,4.5M,15.8K,383,52,Sports
29,cashnastygaming,CashNasty,Humor,4.5M,261K,12.8K,440,Sports
30,carson_hockey,Carson Hockey,Sports,4.5M,584.8K,23K,236,Sports
31,patrickbfree,patrickbfree,Sports,4.3M,4.6K,115,2,Sports
32,bnfreestyle,Ben Nuttall,Sports,4.3M,38.2K,1.2K,24,Sports
33,streetbeefs_,STREETBEEFS,Fitness,4.2M,15.4K,415,46,Sports
34,jiedel,Jiedel,Sports,4.1M,86.6K,2K,68,Sports
35,brfootball,B/R Football,Sports,3.7M,7.2K,500,11,Sports
36,overtime,Overtime,Sports,3.7M,24.8K,1.2K,20,Sports
37,beyondwrestling,Beyond Wrestling,Sports,3.6M,1.2K,39,2,Sports
38,fighttips,fightTIPS,Sports,3.4M,11.3K,852,36,Sports
39,powerslap,Power Slap,Sports,3.2M,62.2K,1.7K,35,Sports
40,whistlesports,Whistle,Sports,3.2M,4.8K,133,4,Sports
41,soccerstoriesohmygoal,Soccer Stories - Oh My Goal,Sports,3.2M,7.3K,313,21,Sports
42,maxpreps,MaxPreps,Sports,3.2M,42.1K,2.8K,25,Sports
43,kplussportsofficial,Kplus Sports,Sports,3.1M,11.2K,139,4,Sports
44,mmg69,MMG,Sports,3M,251.1K,10K,301,Sports
45,rickshielspga,Rick Shiels Golf,Sports,2.9M,437.3K,8.8K,832,Sports
46,highlightreelsports,Highlight Reel,Sports,2.8M,12.8K,333,7,Sports
47,ypkraye,Raye Mckinney,Humor,2.8M,133.3K,6.9K,156,Sports
48,thepatmcafeeshow,The Pat McAfee Show,Sports,2.8M,150.9K,2.7K,309,Sports
49,australianopen,Australian Open TV,Sports,2.7M,21.4K,267,11,Sports
50,shootforlove,Shoot for Love,Sports,2.7M,7.8K,352,8,Sports
1,sagawa,Sagawa /„Åï„Åå„Çè,Music & Dance,35.9M,318.9K,8K,55,Toys
2,thatlittlepuff,That Little Puff,Animation,35.9M,229.8K,2.2K,78,Toys
3,bigschoolminecraft,BigSchool,Animation,32M,55.8K,3.1K,7,Toys
4,sierrarhiafam,Sierra & Rhia FAM,Animation,29.8M,1.6M,25.6K,0,Toys
5,saito09,Saito,Animation,29.2M,343.6K,8.5K,17,Toys
6,zutigang,ZutiGang,Movies,19.7M,31.4K,917,5,Toys
7,animalht2721,Animal HT,Animation,18.1M,183.1K,11K,0,Toys
8,ethanfunnyfamily,Ethan Funny Family,Animation,17.4M,618.7K,19.8K,31,Toys
9,wigofellas,WigoFellas,Movies,16.4M,243.5K,9.1K,130,Toys
10,quantumtech,Quantum Tech HD,Autos & Vehicles,16M,690.5K,4.6K,172,Toys
11,junjunworld1234,Jun Jun World / „Ç∏„É•„É≥„Ç∏„É•„É≥„ÉØ„Éº„É´„Éâ,Movies,13.4M,21.1K,171,5,Toys
12,100english,BingGo Leaders,Toys,13M,380.2K,11.7K,0,Toys
13,jakebsweet,Jake Sweet,Animation,12.8M,43.1K,1.2K,17,Toys
14,itzshauni,Itzshauni,Animation,12.6M,38.6K,1.1K,16,Toys
15,animalshome467,Animals_Home,Animation,12.1M,8.9K,43,0,Toys
16,magnetworld,Magnet World,Toys,11.1M,7.5K,55,5,Toys
17,staywild-,Stay Wild,Animation,10.6M,5.2M,80.3K,3.3K,Toys
18,linguamarina,linguamarina,Show,8.7M,24.1K,1.1K,75,Toys
19,awesmr,AWESMR pop,Toys,7.9M,7.9K,50,0,Toys
20,scaryteacherfamily,Scary Teacher Family,Animation,7.8M,85K,566,38,Toys
21,aforadley,A for Adley - Learning & Fun,Animation,7.7M,444.8K,2.3K,556,Toys
22,rawwfishing,RAWWFishing,Toys,7.7M,209.2K,2K,145,Toys
23,imsugarstar,SugarStar,Toys,7.4M,426.5K,12.6K,507,Toys
24,evantube,EvanTubeHD,Animation,7M,18.2K,655,43,Toys
25,cooltool,Cool Tool,Animation,7M,18K,146,4,Toys
26,tdbricks,TD BRICKS,Video games,7M,970.5K,29.4K,261,Toys
27,lifewithbrothers,Life with Brothers,Toys,6.7M,12K,446,24,Toys
28,woadollcrafts,WOA Doll Crafts,Animation,6.6M,18.5K,83,10,Toys
29,toonyducky,DuckyOMG,Animation,6.6M,9.4K,217,1,Toys
30,sushininja1gou,sushi ninja /„Åô„ÅóÂøçËÄÖ,Music & Dance,6.1M,207.9K,2.2K,3,Toys
31,theengineeringfamily,TheEngineeringFamily,Animals & Pets,5.8M,23.6K,82,0,Toys
32,packattack04082,packattack04082,Movies,5.8M,53.7K,298,16,Toys
33,todoshortsyt,Todo Shorts,Video games,5.7M,3.6K,106,1,Toys
34,5yearcrafts,5-Year Crafts,Toys,5.7M,30.8K,237,4,Toys
35,hiuseeu,HIU ÌïòÏù¥Ïú†,Movies,5.7M,66K,792,25,Toys
36,kacho07,„Åã„Å°„Çá„ÄÄKacho,Animation,5.6M,25.2K,319,1,Toys
37,autumnnmonique,Autumn Monique,Animals & Pets,5.5M,106.1K,8.5K,296,Toys
38,quinnsfam,Quinn FAM,Animation,5.2M,104.5K,2.1K,0,Toys
39,corbinmaxey,Corbin Maxey,Toys,5.2M,39.6K,2.7K,48,Toys
40,dona_english,DONA English,Music & Dance,5.2M,56.3K,186,7,Toys
41,gkgodzillatoons2792,GK Godzilla Toons,Animation,5.1M,1.4K,190,0,Toys
42,hobbyfamily,HobbyFamilyTV,Movies,5M,16.8K,104,56,Toys
43,scaryteacher3dhile,‚Ä¢Andrey Morskoy‚Ä¢,Animation,5M,4.5K,46,7,Toys
44,thefizzyshow,The Fizzy Show,Animation,4.9M,2.4K,16,0,Toys
45,funcaboodle,Fun Caboodle,Movies,4.9M,59.9K,140,0,Toys
46,projectjamesify,ProjectJamesify,Movies,4.8M,159.2K,1.1K,62,Toys
47,blacktiph,BlacktipH,Toys,4.8M,64K,1.6K,118,Toys
48,123golike,123 GO Like!,Animation,4.7M,5.6K,66,2,Toys
49,peapeachannel,Pea Pea,Animation,4.7M,43K,179,0,Toys
50,msbeanie,Ms. Beanie,Toys,4.6M,38.2K,924,47,Toys
1,besteverfoodreviewshow,Best Ever Food Review Show,Food & Drinks,11.2M,1.5M,26.2K,1.6K,Travel
2,markwiens,Mark Wiens,Food & Drinks,11.2M,743.9K,16.1K,871,Travel
3,jensmith,Jen Smith,Travel,8.3M,9.2K,599,62,Travel
4,romanandsharon,Roman and Sharon,Travel,7.6M,12.1K,421,9,Travel
5,visitpikespeak,Pikes Peak Region Attractions,Travel,6.9M,19.5K,734,1,Travel
6,pierson,pierson,Travel,6.5M,293.3K,20.9K,257,Travel
7,imangadzhi,Iman Gadzhi,Travel,5.5M,147.3K,6.6K,200,Travel
8,tanamongeauiscancelled,Tana Mongeau,Travel,5.5M,310.9K,13.2K,1K,Travel
9,food-kingdom,Ìë∏ÎìúÌÇπÎç§ Food Kingdom,Food & Drinks,5.1M,26.4K,957,11,Travel
10,bibleproject,BibleProject,Travel,4.7M,16.5K,2K,39,Travel
11,hjevelynha,HJ Evelyn,Travel,4.4M,306.5K,29.2K,153,Travel
12,strictlydumpling,Strictly Dumpling,Food & Drinks,4.3M,158.3K,5.5K,199,Travel
13,alexojeda,Alex Ojeda,Travel,4.3M,12.3K,557,10,Travel
14,karaandnate,Kara and Nate,Travel,4.1M,481.5K,18K,1.2K,Travel
15,doobydobap,Doobydobap,Food & Drinks,4.1M,537.4K,38.3K,649,Travel
16,enesyilmazer,Enes Yilmazer,Design/art,4M,147.8K,5.4K,374,Travel
17,karissaeats,KarissaEats,Food & Drinks,3.9M,1.3M,122.4K,330,Travel
18,dellavlogs,DELLA VLOGS,Travel,3.9M,355.4K,19.2K,183,Travel
19,tocaa_mona,Sara & Hazem,Autos & Vehicles,3.9M,167K,26.7K,248,Travel
20,evantuberaw,The Tube Family,Travel,3.8M,64.9K,1.8K,119,Travel
21,samchui,Sam Chui,Travel,3.7M,467.7K,9.6K,697,Travel
22,paolofromtokyo,Paolo fromTOKYO,Food & Drinks,3.6M,108.2K,4.7K,238,Travel
23,geographynow,Geography Now,Travel,3.6M,190.5K,15.8K,489,Travel
24,jhousevlogs,J House Vlogs,Travel,3.4M,26.9K,576,116,Travel
25,androidauthority,Android Authority,Design/art,3.4M,4.2K,158,6,Travel
26,itsonyambu8769,itsonyambu,Travel,3.4M,314K,17.4K,918,Travel
27,ebcctime,Taiwan Critical Time,Travel,3.3M,18.9K,192,26,Travel
28,watop_video,WATOP,Travel,3.2M,139.2K,4.5K,304,Travel
29,abroadinjapan,Abroad in Japan,Travel,3.2M,786.6K,45K,1.9K,Travel
30,sasha-jay,International couple[Jay and Sasha],Travel,3.1M,42K,1.6K,102,Travel
31,morebesteverfoodreviewshow,More Best Ever Food Review Show,Food & Drinks,3M,1.2M,26.3K,1.8K,Travel
32,ballingerfamily,Ballinger Family,Travel,3M,60.8K,1.1K,27,Travel
33,topfives,Top Fives,Travel,3M,13.5K,336,14,Travel
34,watcher,Watcher,Travel,2.9M,153.4K,9.6K,926,Travel
35,livingbobby,LivingBobby,Travel,2.8M,639.6K,13.7K,492,Travel
36,khoailangthang,Khoai Lang Thang / Food & Travel,Travel,2.8M,53.7K,1.8K,17,Travel
37,erikvanconover,Erik Van Conover,Design/art,2.8M,24.8K,1.6K,52,Travel
38,mav,Mav,Travel,2.6M,485K,12.4K,702,Travel
39,itchyboots,Itchy Boots,Travel,2.6M,1M,105K,3.3K,Travel
40,jordentually,Jorden Tually,Travel,2.6M,261K,19.9K,180,Travel
41,mazelee,MAZELEE,Travel,2.5M,256.2K,12K,900,Travel
42,colorman,Color Man,Food & Drinks,2.5M,17.4K,383,27,Travel
43,thealikoca,Ali Koca Stories,Travel,2.4M,54.6K,6.9K,161,Travel
44,oscaralejandr0,Oscar Alejandro,Travel,2.2M,329.1K,12K,796,Travel
45,justjordan33,JustJordan33,Travel,2.2M,19.2K,1.1K,100,Travel
46,elliethumannn,Ellie Thumann,Travel,2.1M,24.2K,1K,63,Travel
47,ngoctrinhofficial9626,Ng·ªçc Trinh Official,Travel,2.1M,4K,176,9,Travel
48,jesssfam,JesssFam,Travel,2.1M,79K,2.9K,187,Travel
49,jungernaut,Brian Jung,Travel,2.1M,333.7K,11.3K,492,Travel
50,eunjipyo,ÌëúÏùÄÏßÄEunji Pyoapple,Travel,2M,23.2K,2.1K,91,Travel
1,mrbeast,MrBeast,Video games,366M,128.4M,4.5M,6.4K,Video games
2,stokestwins,Stokes Twins,Video games,115.1M,26.6M,295.6K,3.1K,Video games
3,topperguild,Topper Guild,Movies,58.7M,6M,103K,420,Video games
4,zhong,Zhong,Movies,52.6M,4.5M,84.4K,978,Video games
5,lankybox,LankyBox,Animation,40.7M,243.1K,2.8K,404,Video games
6,youtube,YouTube,Animation,38.4M,2.8M,29.3K,1.7K,Video games
7,brentrivera,Brent Rivera,Animation,37.5M,913.7K,33.7K,172,Video games
8,markiplier,Markiplier,Movies,37.3M,1.8M,100.6K,3.4K,Video games
9,talkingtom,Talking Tom,Animation,32.4M,110.8K,902,0,Video games
10,dream,Dream,Animation,32M,859.4K,62.5K,4.8K,Video games
11,alanbecker,Alan Becker,Animation,30M,819.6K,94.9K,1.4K,Video games
12,prestonyt,Preston,Animation,29.8M,768.3K,20.9K,230,Video games
13,dantdm,DanTDM,Animation,29.2M,712.6K,44.3K,3.3K,Video games
14,rug,FaZe Rug,Movies,27.4M,2.7M,60.2K,4.4K,Video games
15,vanossgaming,VanossGaming,Animation,25.9M,800.3K,35.6K,851,Video games
16,jesser,Jesser,Video games,25.5M,1.3M,33.2K,229,Video games
17,ssundee,SSundee,Animation,24.7M,994.4K,27.8K,1.5K,Video games
18,fgteev,FGTeeV,Animation,24.3M,358.6K,8.2K,2.2K,Video games
19,ninja,Ninja,Video games,23.9M,93.6K,2.3K,80,Video games
20,jelly,Jelly,Animation,23.5M,102.4K,3.7K,228,Video games
21,ninjakidz,Ninja Kidz TV,Movies,23.3M,30.2K,1.6K,58,Video games
22,lazarbeam,LazarBeam,Animation,22.9M,563.9K,42K,349,Video games
23,alia,Ali-A,Animation,19.5M,373.9K,12.9K,224,Video games
24,minikatanastore,Mini Katana,Video games,19.1M,75K,3.6K,78,Video games
25,unspeakable,Unspeakable,Animation,18.5M,912.9K,14.6K,1.3K,Video games
26,merrickhanna,Merrick Hanna,Movies,17.4M,81K,3.7K,49,Video games
27,failarmy,FailArmy,Video games,17.4M,550.5K,8.9K,440,Video games
28,xdschool,XDSchool,Animation,16.8M,31.3K,1.7K,7,Video games
29,prestonplayz,PrestonPlayz,Animation,16.6M,537.8K,10.9K,814,Video games
30,jtcasey,JT Casey,Video games,16.4M,108.9K,3.7K,32,Video games
31,jojosim,Jojo Sim,Video games,16.2M,101.6K,3.2K,13,Video games
32,woodyandkleiny,Woody & Kleiny,Video games,15.8M,59.1K,1.6K,27,Video games
33,typicalgamer,Typical Gamer,Animation,15.7M,189.3K,4.1K,259,Video games
34,hacksmith,Hacksmith Industries,Video games,15.4M,110.2K,6.1K,62,Video games
35,lachlan,Lachlan,Animation,15.3M,416.1K,10K,84,Video games
36,tommyinnit,TommyInnit,Animation,15.2M,921.9K,106.4K,5.9K,Video games
37,parotter,Parotter,Animation,15M,238.1K,12.7K,151,Video games
38,reactiontime,Reaction Time,Video games,14.6M,7.7K,335,11,Video games
39,minecraft,Minecraft,Animation,14.4M,408.6K,34.4K,1.2K,Video games
40,omarespn,Omar Raja - ESPN,Video games,14.4M,28.7K,1.5K,16,Video games
41,gregrenko,Greg Renko,Animation,14.2M,1.5M,65.2K,210,Video games
42,theradbrad,theRadBrad,Animation,13.8M,171.5K,6.4K,378,Video games
43,coreytonge,Corey Tonge,Animation,13.4M,18.1K,560,10,Video games
44,uwucutesingle,uwucutesingle,Animation,13.4M,196.1K,8.5K,207,Video games
45,vuxvux,VuxVux,Video games,13.4M,303.6K,21.2K,514,Video games
46,flamingo,Flamingo,Animation,13.4M,1.5M,63K,5.6K,Video games
47,joealbanese,Joe Albanese,Animation,12.6M,312.3K,14.7K,132,Video games
48,crazyrussianhacker,CrazyRussianHacker,Video games,12M,39.8K,2.2K,192,Video games
49,maizenofficial,Maizen,Animation,12M,504.9K,6.3K,226,Video games
50,ttfue,Tfue,Video games,11.8M,14.4K,480,23,Video games
